EAN;DESCRIPCION;CLASIFICACION;CATEGORIA;PLATAFORMA;PUBLISHER
711719501886;PLAYSTATION 4 HARDWARE 500GB CALL OF DUTY BLACK OPS III BUNDLE PS4;IMPRESCINDIBLES;Consola;PS4;Solutions 2 Go Miami
711719100393;DUALSHOCK 4 (CUH-ZCT1U) - BLACK - LATAM PS4;IMPRESCINDIBLES;Accesorio;PS4;SCEA
711719503057;PS4 500GB (CUH-1215AB01X) BNDL - FIFA 2016 - CHILE;IMPRESCINDIBLES;Consola;PS4;SCEA
711719503125;PS3 500GB (CECH-4311C) BNDL - TLOU- GOW ASC- GT6- LBP3 - CHILE;IMPRESINDIBLES;Consola;PS3;SCEA
711719503026;PS4 500GB (CUH-1215A) BNDL - GOW REMASTERED ROLA - CHILE;IMPRESCINDIBLES;Consola;PS4;SCEA
711719503347;PS4 500GB (CUH-1215ABZ7X) BNDL - STAR WARS BATTLEFRONT- CHILE;IMPRESCINDIBLES;Consola;PS4;SCEA
711719047315;PS4 UNCHARTED 4: A THIEF'S END- LATAM;IMPRESCINDIBLES;Juego;PS4;SCEA
711719503385;PS4 500GB (CUH-1215ABZ9X) BNDL - UNCHARTED 4-LIMITED EDITION- CHILE;IMPRESCINDIBLES;Consola;PS4;SCEA
711719502166;UNCHARTED 4: SPECIAL EDITION- LATAM PS4;LANZAMIENTO;Juego;PS4;SCEA
711719502197;UNCHARTED 4: LIBERTALIA  EDITION- LATAM PS4;LANZAMIENTO;Juego;PS4;SCEA
93155170582;DOOM - LATAM PC;LANZAMIENTO;Juego;PC;BETHESDA
93155170285;DOOM - LATAM PS4;LANZAMIENTO;Juego;PS4;BETHESDA
93155170278;DOOM - LATAM XBONE;LANZAMIENTO;Juego;XBONE;BETHESDA
93155170483;DOOM CE - LATAM PC;LANZAMIENTO;Juego;PC;BETHESDA
93155170513;DOOM CE - LATAM PS4;LANZAMIENTO;Juego;PS4;BETHESDA
93155170490;DOOM CE - LATAM XBONE;LANZAMIENTO;Juego;XBONE;BETHESDA
47875771413;TMNT MUTANTS IN MANHATTAN - XBONE ;LANZAMIENTO;Juego;XBONE;ACTIVISION
47875771352;TMNT MUTANTS IN MANHATTAN - PS3 ;LANZAMIENTO;Juego;PS3;ACTIVISION
47875771376;TMNT MUTANTS IN MANHATTAN - PS4 ;LANZAMIENTO;Juego;PS4;ACTIVISION
47875771390;TMNT MUTANTS IN MANHATTAN - XB360 ;LANZAMIENTO;Juego;XB360;ACTIVISION
47875877689;OVERWATCH COLLECTORS EDITION ORIGINS PC;LANZAMIENTO;Juego;PC;ACTIVISION
47875729858;OVERWATCH COLLECTORS EDITION ORIGINS PS4;LANZAMIENTO;Juego;PS4;ACTIVISION
47875877672;OVERWATCH COLLECTORS EDITION ORIGINS XBONE;LANZAMIENTO;Juego;XBONE;ACTIVISION
47875863637;OVERWATCH ORIGINS PC;LANZAMIENTO;Juego;PC;ACTIVISION
47875877627;OVERWATCH ORIGINS PS4;LANZAMIENTO;Juego;PS4;ACTIVISION
47875877658;OVERWATCH ORIGINS XBONE;LANZAMIENTO;Juego;XBONE;ACTIVISION
711719504733;PARAGON - LATAM PS4;LANZAMIENTO;Juego;PS4;SCEA
711719501244;RATCHET & CLANK - LATAM PS4;LANZAMIENTO;Juego;PS4;SCEA
47875770669;TONY HAWK PRO SKATER 5 - LATAM  PS4;CATALOGO;Juego;PS4;ACTIVISION
711719501817;PS4 THE HEAVY RAIN AND BEYOND: TWO SOULS COLLECTION-LATAM;CATALOGO;Juego;PS4;SCEA
711719505419;PS4 500GB HW BUNDLE(CUH-1215A) UNCHARTEDTHE NATHAN DRAKE COLLECTION-CHILE PS4;CATALOGO;Consola;PS4;SCEA
47875878068;CALL OF DUTY MODERN WARFARE COLLECTION - XB360;CATALOGO;Juego;XB360;ACTIVISION
47875878075;CALL OF DUTY MODERN WARFARE COLLECTION - PS3;CATALOGO;Juego;PS3;ACTIVISION
47875874565;CALL OF DUTY BLACK OPS 3 PS3;CATALOGO;Juego;PS3;ACTIVISION
47875874640;CALL OF DUTY BLACK OPS 3 XB360;CATALOGO;Juego;XB360;ACTIVISION
47875874688;CALL OF DUTY BLACK OPS 3 XBONE;CATALOGO;Juego;XBONE;ACTIVISION
47875874404;DESTINY: THE TAKEN KING LEGENDARY EDITION - LATAM  PS3;CATALOGO;Juego;PS3;ACTIVISION
47875874442;DESTINY: THE TAKEN KING LEGENDARY EDITION - LATAM  PS4;CATALOGO;Juego;PS4;ACTIVISION
47875874602;CALL OF DUTY BLACK OPS 3 PS4;CATALOGO;Juego;PS4;ACTIVISION
887256014520;THE DIVISION LIMITED EDITION - LATAM PS4;CATALOGO;Juego;PS4;UBISOFT
47875874817;GUITAR HERO LIVE BUNDLE - LATAM  PS3;CATALOGO;Juego;PS3;ACTIVISION
47875874831;GUITAR HERO LIVE BUNDLE - LATAM  PS4;CATALOGO;Juego;PS4;ACTIVISION
47875874855;GUITAR HERO LIVE BUNDLE - LATAM  XB360;CATALOGO;Juego;XB360;ACTIVISION
47875874879;GUITAR HERO LIVE BUNDLE - LATAM  XBONE;CATALOGO;Accesorio;XBONE;ACTIVISION
47875874893;GUITAR HERO LIVE BUNDLE - LATAM  WII U;CATALOGO;Accesorio;WIIU;ACTIVISION
83717202790;METAL GEAR SOLID: THE PHANTOM PAIN - ROLA - DAY 1 PS4;CATALOGO;Juego;PS4;KONAMI
83717203063;PRO EVOLUTION SOCCER 2016 - ROLA  PS4;CATALOGO;Juego;PS4;KONAMI
83717203087;PRO EVOLUTION SOCCER 2016 - ROLA  PS3;CATALOGO;Juego;PS3;KONAMI
83717301806;METAL GEAR SOLID: THE PHANTOM PAIN - ROLA - DAY 1 XB360;CATALOGO;Juego;XB360;KONAMI
83717301820;METAL GEAR SOLID: THE PHANTOM PAIN - ROLA - DAY 1 XBONE;CATALOGO;Juego;XBONE;KONAMI
83717302094;PRO EVOLUTION SOCCER 2016 - ROLA  XBONE;CATALOGO;Juego;XBONE;KONAMI
83717302131;PRO EVOLUTION SOCCER 2016 - ROLA  XB360;CATALOGO;Juego;XB360;KONAMI
711719039617;PS4 DUALSHOCK 4 (CUH-ZCT1U) - MAGMA RED - LATAM PS4;CATALOGO;Accesorio;PS4;SCEA
711719039648;DUALSHOCK 4 (CUH-ZCT1U 02) - WAVE BLUE - LATAM PS4;CATALOGO;Accesorio;PS4;SCEA
711719051343;MINECRAFT - LATAM PS3;CATALOGO;Juego;PS3;SCEA
711719051497;DUALSHOCK 4 (CUH-ZCT1U 03) - GLACIER WHITE - LATAM PS4;CATALOGO;Accesorio;PS4;SCEA
711719051817;THE LAST OF US REMASTERED - LATAM PS4;CATALOGO;Juego;PS4;SCEA
711719053132;UNTIL DAWN - LATAM  PS4;CATALOGO;Juego;PS4;SCEA
711719053170;BLOODBORNE - LATAM PS4;CATALOGO;Juego;PS4;SCEA
711719053293;MINECRAFT - LATAM  PS4;CATALOGO;Juego;PS4;SCEA
711719100324;DRIVECLUB - LATAM  PS4;CATALOGO;Juego;PS4;SCEA
711719100447;THE ORDER: 1886 - LATAM PS4;CATALOGO;Juego;PS4;SCEA
711719100461;INFAMOUS: SECOND SON - LATAM PS4;CATALOGO;Juego;PS4;SCEA
711719470007;DIABLO III: REAPER OF SOULS - ULTIMATE EVIL EDITION - ROLA PS4;CATALOGO;Juego;PS4;SCEA
711719501329;GOD OF WAR 3 REMASTERED - LATAM PS4;CATALOGO;Juego;PS4;SCEA
711719501381;UNCHARTED COLLECTION -  LATAM PS4;CATALOGO;Juego;PS4;SCEA
711719502579;HELLDIVERS SUPER-EARTH ULTIMATE EDITION - LATAM  PS4;CATALOGO;Juego;PS4;SCEA
711719502692;PS4 DUALSHOCK 4 (CUH-ZCT1U 05) - 20TH ANN ED GRAY - LATAM PS4;CATALOGO;Accesorio;PS4;SCEA
711719503620;DUALSHOCK 4 (CUH-ZCT1U 10) - GRAY BLUE - LATAM;CATALOGO;Accesorio;PS4;SCEA
711719812326;PS3 JGO Uncharted 2: Among Thieves;CATALOGO;Juego;PS3;SCEA
711719984757;DUALSHOCK 3 (CECHZC2M) - METALLIC BLUE LATAM PS3;CATALOGO;Accesorio;PS3;SCEA
711719990062;DUALSHOCK 3 (CECHZC2M) - BLACK LATAM PS3;CATALOGO;Accesorio;PS3;SCEA
711719990871;GOD OF WAR: ASCENSION - LATAM PS3;CATALOGO;Juego;PS3;SCEA
711719991830;THE LAST OF US - LATAM PS3;CATALOGO;Juego;PS3;SCEA
711719992189;GOD OF WAR 3 - FAVORITOS LATAM PS3;CATALOGO;Juego;PS3;SCEA
711719992226;INFAMOUS 2 (MOVE COMPATIBLE) - FAVORITOS LATAM PS3;CATALOGO;Juego;PS3;SCEA
711719992257;KILLZONE 3 (MOVE COMPATIBLE) - FAVORITOS LATAM PS3;CATALOGO;Juego;PS3;SCEA
711719992349;UNCHARTED 3: DRAKES DECEPTION - FAVORITOS LATAM PS3;CATALOGO;Juego;PS3;SCEA
711719992486;GOD OF WAR 1 & 2 COLLECTION - FAVORITOS LATAM PS3;CATALOGO;Juego;PS3;SCEA
722674120388;NARUTO SHIPPUDEN: ULTIMATE NINJA STORM 4 - LATAM PS4;CATALOGO;Juego;PS4;BANDAI NAMCO
722674120401;SAINT SEIYA SOLDIERS SOUL -  LATAM  PS4;CATALOGO;Juego;PS4;BANDAI NAMCO
722674220248;NARUTO SHIPPUDEN: ULTIMATE NINJA STORM 4 - LATAM XBONE;CATALOGO;Juego;XBONE;BANDAI NAMCO
887256014711;RAINBOW SIX SIEGE - LATAM PS4;CATALOGO;Juego;PS4;UBISOFT
887256014728;RAINBOW SIX SIEGE - LATAM XBONE;CATALOGO;Juego;XBONE;UBISOFT
887256015084;ASSASSINS CREED SYNDICATE - LATAM PS4;CATALOGO;Juego;PS4;UBISOFT
887256015091;ASSASSINS CREED SYNDICATE - LATAM XBONE;CATALOGO;Juego;XBONE;UBISOFT
887256019525;ASSASSINS CREED CHRONICLES - LATAM PS4;CATALOGO;Juego;PS4;UBISOFT
887256019532;ASSASSINS CREED CHRONICLES - LATAM XBONE;CATALOGO;Juego;XBONE;UBISOFT
711719039150;PS3 JGO Castlevania: Lord of Shadows;OBSOLETO;Juego;PS3;SCEA
711719828921;PS3 JGO God of War Origins Collection;OBSOLETO;Juego;PS3;SCEA
711719983804;PS3 JGO Ratchet&Clank: Full Frontal Assault;OBSOLETO;Juego;PS3;SCEA
47875770683;TONY HAWK PRO SKATER 5 - LATAM  XBONE;OBSOLETO;Juego;XBONE;ACTIVISION
47875874480;DESTINY: THE TAKEN KING LEGENDARY EDITION - LATAM  XB360;OBSOLETO;Juego;XB360;ACTIVISION
47875874527;DESTINY: THE TAKEN KING LEGENDARY EDITION - LATAM  XBONE;OBSOLETO;Juego;XBONE;ACTIVISION
47875876491;CALL OF DUTY BLACK OPS 3 PS4 HARDENED CE;OBSOLETO;Juego;PS4;ACTIVISION
47875876514;CALL OF DUTY BLACK OPS 3 XBONE HARDENED CE;OBSOLETO;Juego;XBONE;ACTIVISION
83717202776;METAL GEAR SOLID: THE PHANTOM PAIN - ROLA - DAY 1 PS3;OBSOLETO;Juego;PS3;KONAMI
83717202844;PS3 JGO Pro Evolution Soccer 2014;OBSOLETO;Juego;PS3;SCEA
24814;PS3 ACC Bundle DS3 Blue + GoW3;OBSOLETO;Accesorio;PS3;SCEA
25237;PS3 CON Bundle 500GB + DS3 + Unc3 + GT5XL;OBSOLETO;Consola;PS3;SCEA
26041;PS3 ACC Bundle DS3 + PASBR;OBSOLETO;Accesorio;PS3;SCEA
26954;PS3 CON Bundle 500GB + Beyond + GT6;OBSOLETO;Consola;PS3;SCEA
27068;PS3 CON Bundle 500GB Estado Play 2 w/DS3GoW2Uncharted3;OBSOLETO;Consola;PS3;SCEA
27085;PS4 CON Bundle 500GB Destiny w/Destiny;OBSOLETO;Consola;PS4;SCEA
27321;PS3 CON Bundle 500GB Destiny (1) w/Destiny;OBSOLETO;Consola;PS3;SCEA
711719039051;PS3 JGO The Amazing Spiderman;OBSOLETO;Juego;PS3;SCEA
711719039129;SUPER STREET FIGHTER 4 ARCADE FAVORITOS LATAM PS3;OBSOLETO;Juego;PS3;SCEA
711719039167;PS3 JGO Metal Gear Solid 4: Guns of the Patriots;OBSOLETO;Juego;PS3;SCEA
711719039181;SONIC GENERATIONS FAVORITOS LATAM PS3;OBSOLETO;Juego;PS3;SCEA
711719039198;PS3 JGO Bayonetta;OBSOLETO;Juego;PS3;SCEA
711719039204;PS3 JGO Final Fantasy XIII;OBSOLETO;Juego;PS3;SCEA
711719039211;PS3 JGO Tomb Raider HD Collection;OBSOLETO;Juego;PS3;SCEA
711719039228;PS3 JGO Spec Ops: The Line;OBSOLETO;Juego;PS3;SCEA
711719039235;PS3 JGO Borderlands;OBSOLETO;Juego;PS3;SCEA
711719039242;PS3 JGO Bioshock;OBSOLETO;Juego;PS3;SCEA
711719039259;PS3 JGO Red Dead Redemption;OBSOLETO;Juego;PS3;SCEA
711719039266;PS3 JGO Red Dead Redemption: Undead;OBSOLETO;Juego;PS3;SCEA
711719039273;PS3 JGO LA Noire;OBSOLETO;Juego;PS3;SCEA
711719039280;PS3 JGO Max Payne 3;OBSOLETO;Juego;PS3;SCEA
711719039297;PS3 JGO Assassin's Creed: Revelations;OBSOLETO;Juego;PS3;SCEA
711719039303;PS3 JGO Just Dance 3;OBSOLETO;Juego;PS3;SCEA
711719039310;PS3 JGO Rayman Origins;OBSOLETO;Juego;PS3;SCEA
711719039372;PS3 JGO Darksiders;OBSOLETO;Juego;PS3;SCEA
711719039389;PS3 JGO Darksiders 2;OBSOLETO;Juego;PS3;SCEA
711719039709;PS3 JGO Everybody Dance 3;OBSOLETO;Juego;PS3;SCEA
711719050551;PS3 JGO Metal Gear Solid Legacy Collection;OBSOLETO;Juego;PS3;SCEA
711719050735;PS3 JGO Castlevania: Lord of Shadow 2;OBSOLETO;Juego;PS3;SCEA
711719050759;PS3 JGO Metal Gear Solid 5: Ground Zeroes;OBSOLETO;Juego;PS3;SCEA
711719050896;PS3 500GB (CECH-4211C);OBSOLETO;Consola;PS3;SCEA
711719050964;PS3 500GB (CECH-4311C) - LATAM;OBSOLETO;Consola;PS3;SCEA
711719051046;PS3 CON 12GB Coal Black (CECH-4211A) w/God of War Collection;OBSOLETO;Consola;PS3;SCEA
711719051084;PS4 JGO The Order: 1886 Collector's Edition;OBSOLETO;Juego;PS4;SCEA
711719051275;PS4 500GB (CUH-1115A) - JET BLACK;OBSOLETO;Consola;PS4;SCEA
711719051893;PS4 500GB (CUH-1115A) - GLACIER WHITE PS4;OBSOLETO;Consola;PS4;SCEA
711719051947;PS3 JGO Invizimals The Lost Kingdom;OBSOLETO;Juego;PS3;SCEA
711719052036;PS4 JGO Wolfenstein: The New Order;OBSOLETO;Juego;PS4;SCEA
711719052050;PS3 JGO Wolfenstein: The New Order;OBSOLETO;Juego;PS3;SCEA
711719052623;PS3 JGO Devil May Cry HD Collection;OBSOLETO;Juego;PS3;SCEA
711719052722;PS3 JGO Silent Hill HD Collection;OBSOLETO;Juego;PS3;SCEA
711719052784;THE WALKING DEAD - GAME OF THE YEAR - FAVORITOS - LATAM PS3;OBSOLETO;Juego;PS3;SCEA
711719052807;PS3 JGO Valkyria Chronicles;OBSOLETO;Juego;PS3;SCEA
711719052821;PS3 JGO Vanquish;OBSOLETO;Juego;PS3;SCEA
711719052869;PS3 JGO Uncharted 3: Drake's Deception (Kit Estado Play 2) NFR;OBSOLETO;Juego;PS3;SCEA
711719052999;PS3 JGO God of War 3 (Kit Estado Play 2) NFR;OBSOLETO;Juego;PS3;SCEA
711719053057;PS3 JGO Dead or Alive 5 Ultimate;OBSOLETO;Juego;PS3;SCEA
711719053217;LITTLEBIGPLANET 3 - LATAM  PS4;OBSOLETO;Juego;PS4;SCEA
711719053248;PS3 JGO Little Big Planet 3;OBSOLETO;Juego;PS3;SCEA
711719053323;PS4 CON Bundle 500GB Fifa 15 (1) w/Fifa15Virtual;OBSOLETO;Consola;PS4;SCEA
711719053354;PS3 CON Bundle 500GB Fifa 15 (1) w/DS3Fifa15;OBSOLETO;Consola;PS3;SCEA
711719100355;PS4 500GB (CUH-1011A) - LATAM;OBSOLETO;Consola;PS4;SCEA
711719100423;PLAYSTATION CAMERA - LATAM PS4;OBSOLETO;Accesorio;PS4;SCEA
711719100485;PS4 JGO Killzone 4;OBSOLETO;Juego;PS4;SCEA
711719100508;PS4 JGO Knack;OBSOLETO;Juego;PS4;SCEA
711719470014;PS3 JGO Diablo III Reaper of Souls;OBSOLETO;Juego;PS3;SCEA
711719500056;PS3 JGO Counterspy;OBSOLETO;Juego;PS3;SCEA
711719500063;PS3 JGO Hohokum;OBSOLETO;Juego;PS3;SCEA
711719500087;PS3 JGO Rain;OBSOLETO;Juego;PS3;SCEA
711719500094;PS3 JGO Dead Nation;OBSOLETO;Juego;PS3;SCEA
711719500117;PS3 JGO Sound Shapes;OBSOLETO;Juego;PS3;SCEA
711719500278;THE EVIL WITHIN - ROLA  PS4;OBSOLETO;Juego;PS4;SCEA
711719500292;THE EVIL WITHIN - ROLA  PS3;OBSOLETO;Juego;PS3;SCEA
711719500575;PRO EVOLUTION SOCCER 2015 - LATAM  PS4;OBSOLETO;Juego;PS4;SCEA
711719500599;PRO EVOLUTION SOCCER 2015 - LATAM  PS3;OBSOLETO;Juego;PS3;SCEA
711719502661;PS3 500GB (CECH-4311C) BNDL - DS3- TLOU- GOW ASC. - CHILE;OBSOLETO;Consola;PS3;SCEA
711719503071;PS4 500GB (CUH-1215A) BNDL - DESTINY THE TAKEN KING- CHILE;OBSOLETO;Consola;PS4;SCEA
711719804802;PS3 ACC Wireless Keypad (CECHZK1MX);OBSOLETO;Accesorio;PS3;SCEA
711719806103;PS3 ACC Move Motion Controller  Black;OBSOLETO;Accesorio;PS3;SCEA
711719806202;PS3 ACC Move Navigation Controller - Black;OBSOLETO;Accesorio;PS3;SCEA
711719806806;PS3 ACC Charging Station PlayStation Move (CECHZCC1M);OBSOLETO;Accesorio;PS3;SCEA
711719810001;PS3 ACC Sharp shooter - Advanced Gun Attachment (CECHYAZRA1);OBSOLETO;Accesorio;PS3;SCEA
711719810728;PS3 JGO Resistance: Fall of Man;OBSOLETO;Juego;PS3;SCEA
711719811527;PS3 JGO Hot Shots Golf;OBSOLETO;Juego;PS3;SCEA
711719812029;PS3 JGO Resistance 2;OBSOLETO;Juego;PS3;SCEA
711719814528;PS3 JGO Buzz Quiz TV Bundle w/BuzzQuizTVWirelessBuzzer;OBSOLETO;Juego;PS3;SCEA
711719815525;PS3 JGO Motorstorm Pacific Rift;OBSOLETO;Juego;PS3;SCEA
711719817628;PS3 JGO Favoritos  Resistance 3 ;OBSOLETO;Juego;PS3;SCEA
711719818120;PS3 JGO Starhawk;OBSOLETO;Juego;PS3;SCEA
711719820321;PS3 JGO Sorcery;OBSOLETO;Juego;PS3;SCEA
711719822226;PS3 JGO The Shoot;OBSOLETO;Juego;PS3;SCEA
711719823520;PS3 JGO Eye Pet & Friends;OBSOLETO;Juego;PS3;SCEA
711719824527;PS3 JGO Little Big Planet 2;OBSOLETO;Juego;PS3;SCEA
711719824824;PS3 JGO PlayStation Heroes;OBSOLETO;Juego;PS3;SCEA
711719825722;PS3 JGO Uncharted 2: Among Thieves;OBSOLETO;Juego;PS3;SCEA
711719827023;PS3 JGO Kun Fu Rider;OBSOLETO;Juego;PS3;SCEA
711719827320;PS3 ACC MC KITSport Champion w/McPseyeSportChampion;OBSOLETO;Accesorio;PS3;SCEA
711719829324;PS3 JGO InFamous 2;OBSOLETO;Juego;PS3;SCEA
711719844402;PS3 ACC Sidekick bundle w/BRremotecMotorstorm;OBSOLETO;Accesorio;PS3;SCEA
711719908166;PS3 JGO Fifa 2013 NFR;OBSOLETO;Juego;PS3;SCEA
711719908180;PS3 JGO Metal Gear Rising Revengeance;OBSOLETO;Juego;PS3;SCEA
711719911692;PS3 ACC PS Move Racing Wheel (CECHYAZWA1);OBSOLETO;Accesorio;PS3;SCEA
711719914792;PS3 ACC DualShock 3 (Whitebox) NFR;OBSOLETO;Accesorio;PS3;SCEA
711719982821;PS3 JGO Ratchet&Clank Collection;OBSOLETO;Juego;PS3;SCEA
711719983958;PS3 JGO Medieval Moves: Deadmund's Quest;OBSOLETO;Juego;PS3;SCEA
711719984009;PS3 CON 160GB Black Coal MC KitPS3 w/MoveMotionPSEyeSportCDeadmund;OBSOLETO;Consola;PS3;SCEA
711719984665;PS3 JGO Everybody Dance 2;OBSOLETO;Juego;PS3;SCEA
711719990239;PS3 ACC Move Motion Controller  Black;OBSOLETO;Accesorio;PS3;SCEA
711719990420;PS3 JGO Sly Cooper:  Thieves in Time;OBSOLETO;Juego;PS3;SCEA
711719990482;PS3 JGO Tripack: Adventure Pack;OBSOLETO;Juego;PS3;SCEA
711719990505;PS3 JGO Tripack: Hardcore Pack;OBSOLETO;Juego;PS3;SCEA
711719990512;PS3 JGO God of War Omega Collection;OBSOLETO;Juego;PS3;SCEA
711719990802;PS3 CON 250GB Black Coal (CECH4011B);OBSOLETO;Consola;PS3;SCEA
711719990895;PS3 JGO Little Big Planet Karting;OBSOLETO;Juego;PS3;SCEA
711719990901;PS3 JGO PlayStation All-Star Battle Royale;OBSOLETO;Juego;PS3;SCEA
711719990918;PS3 JGO Sport Champions 2;OBSOLETO;Juego;PS3;SCEA
711719990970;PS3 JGO Wonderbook: Book of Spells;OBSOLETO;Juego;PS3;SCEA
711719991342;PS3 JGO Beyond: Two Souls;OBSOLETO;Juego;PS3;SCEA
711719991359;PS3 JGO Puppeteer;OBSOLETO;Juego;PS3;SCEA
711719991731;PS3 ACC Sidekick Bundle Dualshock3 + God of War Ascension;OBSOLETO;Accesorio;PS3;SCEA
711719992059;PS3 JGO Best of PSN Volume 1 PlayStation 3;OBSOLETO;Juego;PS3;SCEA
711719992172;PS3 JGO Everybody Dance;OBSOLETO;Juego;PS3;SCEA
711719992240;PS3 JGO Killzone 2;OBSOLETO;Juego;PS3;SCEA
711719992301;PS3 JGO Ratchet&Clank: All 4 One;OBSOLETO;Juego;PS3;SCEA
711719992356;PS3 JGO Wonderbook: Book of Potions;OBSOLETO;Juego;PS3;SCEA
711719992431;PS3 CON 12GB Black Coal (CECH-4211A) w/LBPkarting;OBSOLETO;Consola;PS3;SCEA
711719992448;PS3 CON 250GB World Cup w/Pelota;OBSOLETO;Consola;PS3;SCEA
711719992455;PS3 JGO Ratchet&Clank: Into the Nexus;OBSOLETO;Juego;PS3;SCEA
711719992479;PS3 JGO Gran Turismo 6;OBSOLETO;Juego;PS3;SCEA
711719992493;PS3 JGO Heavy Rain: Director's Cut;OBSOLETO;Juego;PS3;SCEA
711719992608;PS3 CON Bundle 250GB + DS3 + PES14;OBSOLETO;Consola;PS3;SCEA
711719992783;PS3 JGO Demons Souls;OBSOLETO;Juego;PS3;SCEA
711719992813;PS3 CON 250GB Azurite Blue (CECH-4211B);OBSOLETO;Consola;PS3;SCEA
722674111478;TALES OF ZESTIRIA -  LATAM  PS3;OBSOLETO;Juego;PS3;BANDAI NAMCO
722674111911;SAINT SEIYA SOLDIERS SOUL -  LATAM  PS3;OBSOLETO;Juego;PS3;BANDAI NAMCO
722674120081;RIDE -  LATAM  PS4;OBSOLETO;Juego;PS4;BANDAI NAMCO
722674120326;SWORD ART ONLINE: LOST SONG - LATAM  PS4;OBSOLETO;Juego;PS4;BANDAI NAMCO
722674120548;TALES OF ZESTIRIA -  LATAM  PS4;OBSOLETO;Juego;PS4;BANDAI NAMCO
722674220071;RIDE -  LATAM  XBONE;OBSOLETO;Juego;XBONE;BANDAI NAMCO
7707291465152;PS3 ACC Bundle Diablo 3 w/DS3Diablo3;OBSOLETO;Accesorio;PS3;SCEA
83717202523;PS3 JGO Pro Evolution Soccer 2013;OBSOLETO;Juego;PS3;SCEA
G0003461;PS3 JGO Metal Gear Rising Revengeance;OBSOLETO;Juego;PS3;SCEA
G1090769;PS3 JGO Call of Duty: Modern Walfare 3 NFR;OBSOLETO;Juego;PS3;SCEA
