CODIGO;DEALER;TIENDAS;ZONA;CLACIFICACION;SUPERVISOR;INSTRUCTOR
10613;ABCDIN;PUENTE ALTO (AD);PONIENTE;#Stores A;MANUELQUERO@EQUIPOTOUCH.COM;RICARDOMARAMBIO@EQUIPOTOUCH.COM
10011;ABCDIN;ARICA (AD);ANTOFAGASTA - CALAMA;#Stores A;MANUELQUERO@EQUIPOTOUCH.COM;FERNANDOGONZALEZ@EQUIPOTOUCH.COM
10604;ABCDIN;PUENTE (AD);CENTRO;#Stores A;FRANCISCOJORGE@EQUIPOTOUCH.COM;ALANGORDON@EQUIPOTOUCH.COM
10032;ABCDIN;VALLENAR (AD);LA SERENA-COPIAPO;#Stores A;MANUELQUERO@EQUIPOTOUCH.COM;CLAUDIOROSAS@EQUIPOTOUCH.COM
10171;ABCDIN;SAN BERNARDO CENTRO (AD);PONIENTE;#Stores A;MANUELQUERO@EQUIPOTOUCH.COM;RUBENAVENDANO@EQUIPOTOUCH.COM
10075;ABCDIN;RANCAGUA (AD);RANCAGUA TALCA;#Stores A;FRANCISCOJORGE@EQUIPOTOUCH.COM;ALANGORDON@EQUIPOTOUCH.COM
10057;ABCDIN;SAN FELIPE (AD);V REGION;#Stores A;MANUELQUERO@EQUIPOTOUCH.COM;GONZALORAMOS@EQUIPOTOUCH.COM
10045;ABCDIN;ARAUCO MAIPU (AD);PONIENTE;#Stores A;MANUELQUERO@EQUIPOTOUCH.COM;RUBENAVENDANO@EQUIPOTOUCH.COM
10601;ABCDIN;ALAMEDA (AD);PONIENTE;#Stores A;MANUELQUERO@EQUIPOTOUCH.COM;RUBENAVENDANO@EQUIPOTOUCH.COM
10663;ABCDIN;CONCEPCION PRINCIPAL (AD);CONCEPCION TEMUCO;#Stores A;FRANCISCOJORGE@EQUIPOTOUCH.COM;ITALOCONTRERAS@EQUIPOTOUCH.COM
10061;ABCDIN;ESTADO (AD);CENTRO;#Stores A;FRANCISCOJORGE@EQUIPOTOUCH.COM;ALANGORDON@EQUIPOTOUCH.COM
10024;ABCDIN;CALAMA (AD);ANTOFAGASTA - CALAMA;#Stores A;MANUELQUERO@EQUIPOTOUCH.COM;FERNANDOGONZALEZ@EQUIPOTOUCH.COM
10031;ABCDIN;COPIAPO (AD);LA SERENA-COPIAPO;#Stores A;MANUELQUERO@EQUIPOTOUCH.COM;CLAUDIOROSAS@EQUIPOTOUCH.COM
10022;ABCDIN;ANTOFAGASTA (AD);ANTOFAGASTA - CALAMA;#Stores A;MANUELQUERO@EQUIPOTOUCH.COM;FERNANDOGONZALEZ@EQUIPOTOUCH.COM
10645;ABCDIN;TALCA III (AD);RANCAGUA TALCA;#Stores A;FRANCISCOJORGE@EQUIPOTOUCH.COM;ALANGORDON@EQUIPOTOUCH.COM
10076;ABCDIN;TALAGANTE (AD);PONIENTE;#Stores A;MANUELQUERO@EQUIPOTOUCH.COM;RUBENAVENDANO@EQUIPOTOUCH.COM
10602;ABCDIN;ANTOFAGASTA PRAT (AD);ANTOFAGASTA - CALAMA;#Stores A;MANUELQUERO@EQUIPOTOUCH.COM;FERNANDOGONZALEZ@EQUIPOTOUCH.COM
15500;ABCDIN;E-COMMERCE (AD);INTERNET;#Stores A;;
10165;ABCDIN;LA SERENA (AD);LA SERENA-COPIAPO;#Stores A;MANUELQUERO@EQUIPOTOUCH.COM;CLAUDIOROSAS@EQUIPOTOUCH.COM
10048;ABCDIN;SAN ANTONIO (AD);V REGION;#Stores A;MANUELQUERO@EQUIPOTOUCH.COM;GONZALORAMOS@EQUIPOTOUCH.COM
10626;ABCDIN;QUILLOTA (AD);V REGION;#Stores B;MANUELQUERO@EQUIPOTOUCH.COM;GONZALORAMOS@EQUIPOTOUCH.COM
10612;ABCDIN;MAIPU (AD);PONIENTE;#Stores B;MANUELQUERO@EQUIPOTOUCH.COM;RUBENAVENDANO@EQUIPOTOUCH.COM
10065;ABCDIN;MELIPILLA (AD);PONIENTE;#Stores A;MANUELQUERO@EQUIPOTOUCH.COM;RUBENAVENDANO@EQUIPOTOUCH.COM
10095;ABCDIN;COYHAIQUE (AD);CONCEPCION TEMUCO;#Stores A;FRANCISCOJORGE@EQUIPOTOUCH.COM;ITALOCONTRERAS@EQUIPOTOUCH.COM
10059;ABCDIN;AHUMADA (AD);CENTRO;#Stores A;FRANCISCOJORGE@EQUIPOTOUCH.COM;ALANGORDON@EQUIPOTOUCH.COM
10642;ABCDIN;SAN FERNANDO (AD);RANCAGUA TALCA;#Stores A;FRANCISCOJORGE@EQUIPOTOUCH.COM;ALANGORDON@EQUIPOTOUCH.COM
10620;ABCDIN;LA LIGUA (AD);V REGION;#Stores A;MANUELQUERO@EQUIPOTOUCH.COM;GONZALORAMOS@EQUIPOTOUCH.COM
10163;ABCDIN;OVALLE (AD);LA SERENA-COPIAPO;#Stores B;MANUELQUERO@EQUIPOTOUCH.COM;CLAUDIOROSAS@EQUIPOTOUCH.COM
10091;ABCDIN;TEMUCO (AD);CONCEPCION TEMUCO;#Stores A;FRANCISCOJORGE@EQUIPOTOUCH.COM;ITALOCONTRERAS@EQUIPOTOUCH.COM
10049;ABCDIN;VIÑA DEL MAR (AD);V REGION;#Stores B;MANUELQUERO@EQUIPOTOUCH.COM;GONZALORAMOS@EQUIPOTOUCH.COM
10016;ABCDIN;IQUIQUE (AD);ANTOFAGASTA - CALAMA;#Stores B;MANUELQUERO@EQUIPOTOUCH.COM;FERNANDOGONZALEZ@EQUIPOTOUCH.COM
10116;ABCDIN;BUIN (AD);PONIENTE;#Stores B;MANUELQUERO@EQUIPOTOUCH.COM;RICARDOMARAMBIO@EQUIPOTOUCH.COM
10170;ABCDIN;PORTAL EL BELLOTO (AD);V REGION;#Stores B;MANUELQUERO@EQUIPOTOUCH.COM;GONZALORAMOS@EQUIPOTOUCH.COM
10098;ABCDIN;CASTRO (AD);CONCEPCION TEMUCO;#Stores A;FRANCISCOJORGE@EQUIPOTOUCH.COM;ITALOCONTRERAS@EQUIPOTOUCH.COM
10028;ABCDIN;TOCOPILLA (AD);ANTOFAGASTA - CALAMA;#Stores B;MANUELQUERO@EQUIPOTOUCH.COM;FERNANDOGONZALEZ@EQUIPOTOUCH.COM
10064;ABCDIN;LOS ANGELES (AD);CONCEPCION TEMUCO;#Stores B;FRANCISCOJORGE@EQUIPOTOUCH.COM;ITALOCONTRERAS@EQUIPOTOUCH.COM
10624;ABCDIN;VALPARAISO (AD);V REGION;#Stores B;MANUELQUERO@EQUIPOTOUCH.COM;GONZALORAMOS@EQUIPOTOUCH.COM
10167;ABCDIN;EL BOSQUE (AD);PONIENTE;#Stores B;MANUELQUERO@EQUIPOTOUCH.COM;RICARDOMARAMBIO@EQUIPOTOUCH.COM
10166;ABCDIN;TOBALABA (AD);PONIENTE;#Stores B;MANUELQUERO@EQUIPOTOUCH.COM;RICARDOMARAMBIO@EQUIPOTOUCH.COM
10078;ABCDIN;LA CISTERNA (AD);PONIENTE;#Stores B;MANUELQUERO@EQUIPOTOUCH.COM;RUBENAVENDANO@EQUIPOTOUCH.COM
10105;ABCDIN;COLINA (AD);ORIENTE;#Stores C;FRANCISCOJORGE@EQUIPOTOUCH.COM;CAMILADELGADO@EQUIPOTOUCH.COM
10627;ABCDIN;LA CALERA (AD);V REGION;#Stores C;MANUELQUERO@EQUIPOTOUCH.COM;GONZALORAMOS@EQUIPOTOUCH.COM
10682;ABCDIN;PUERTO MONTT CENTRO (AD);CONCEPCION TEMUCO;#Stores B;FRANCISCOJORGE@EQUIPOTOUCH.COM;ITALOCONTRERAS@EQUIPOTOUCH.COM
10678;ABCDIN;LOS ANDES (AD);V REGION;#Stores B;MANUELQUERO@EQUIPOTOUCH.COM;GONZALORAMOS@EQUIPOTOUCH.COM
10126;ABCDIN;ILLAPEL (AD);LA SERENA-COPIAPO;#Stores C;MANUELQUERO@EQUIPOTOUCH.COM;CLAUDIOROSAS@EQUIPOTOUCH.COM
10042;ABCDIN;COQUIMBO (AD);LA SERENA-COPIAPO;#Stores C;MANUELQUERO@EQUIPOTOUCH.COM;CLAUDIOROSAS@EQUIPOTOUCH.COM
10168;ABCDIN;PASEO QUILIN (AD);PONIENTE;#Stores C;MANUELQUERO@EQUIPOTOUCH.COM;RICARDOMARAMBIO@EQUIPOTOUCH.COM
10641;ABCDIN;CURICO (AD);RANCAGUA TALCA;#Stores C;FRANCISCOJORGE@EQUIPOTOUCH.COM;ALANGORDON@EQUIPOTOUCH.COM
10101;ABCDIN;PEÑAFLOR (AD);PONIENTE;#Stores C;MANUELQUERO@EQUIPOTOUCH.COM;RUBENAVENDANO@EQUIPOTOUCH.COM
10089;ABCDIN;ANGOL (AD);CONCEPCION TEMUCO;#Stores B;FRANCISCOJORGE@EQUIPOTOUCH.COM;ITALOCONTRERAS@EQUIPOTOUCH.COM
10255;ABCDIN;TRAIGUEN (AD);CONCEPCION TEMUCO;#Stores C;FRANCISCOJORGE@EQUIPOTOUCH.COM;ITALOCONTRERAS@EQUIPOTOUCH.COM
10256;ABCDIN;CORONEL (AD);CONCEPCION TEMUCO;#Stores C;FRANCISCOJORGE@EQUIPOTOUCH.COM;ITALOCONTRERAS@EQUIPOTOUCH.COM
10102;ABCDIN;SANTA CRUZ (AD);RANCAGUA TALCA;#Stores C;FRANCISCOJORGE@EQUIPOTOUCH.COM;ALANGORDON@EQUIPOTOUCH.COM
10096;ABCDIN;PUNTA ARENAS (AD);CONCEPCION TEMUCO;#Stores C;FRANCISCOJORGE@EQUIPOTOUCH.COM;ITALOCONTRERAS@EQUIPOTOUCH.COM
10169;ABCDIN;PORTAL NUÑOA (AD);ORIENTE;#Stores C;FRANCISCOJORGE@EQUIPOTOUCH.COM;CAMILADELGADO@EQUIPOTOUCH.COM
10052;ABCDIN;VILLA ALEMANA (AD);V REGION;#Stores C;MANUELQUERO@EQUIPOTOUCH.COM;GONZALORAMOS@EQUIPOTOUCH.COM
10652;ABCDIN;LINARES (AD);RANCAGUA TALCA;#Stores C;FRANCISCOJORGE@EQUIPOTOUCH.COM;ALANGORDON@EQUIPOTOUCH.COM
10120;ABCDIN;PUERTO NATALES (AD);CONCEPCION TEMUCO;#Stores C;FRANCISCOJORGE@EQUIPOTOUCH.COM;ITALOCONTRERAS@EQUIPOTOUCH.COM
10661;ABCDIN;CHILLAN (AD);CONCEPCION TEMUCO;#Stores C;FRANCISCOJORGE@EQUIPOTOUCH.COM;ITALOCONTRERAS@EQUIPOTOUCH.COM
10092;ABCDIN;ANCUD (AD);CONCEPCION TEMUCO;#Stores C;FRANCISCOJORGE@EQUIPOTOUCH.COM;ITALOCONTRERAS@EQUIPOTOUCH.COM
10254;ABCDIN;CAÑETE II (AD);CONCEPCION TEMUCO;#Stores C;FRANCISCOJORGE@EQUIPOTOUCH.COM;ITALOCONTRERAS@EQUIPOTOUCH.COM
10124;ABCDIN;QUILPUE MALL PLAZA DEL SOL (AD);V REGION;#Stores C;MANUELQUERO@EQUIPOTOUCH.COM;GONZALORAMOS@EQUIPOTOUCH.COM
10093;ABCDIN;VALDIVIA (AD);CONCEPCION TEMUCO;#Stores C;FRANCISCOJORGE@EQUIPOTOUCH.COM;ITALOCONTRERAS@EQUIPOTOUCH.COM
10258;ABCDIN;SAN VICENTE DE TT (AD);RANCAGUA TALCA;#Stores C;FRANCISCOJORGE@EQUIPOTOUCH.COM;ALANGORDON@EQUIPOTOUCH.COM
10647;ABCDIN;SAN JAVIER (AD);RANCAGUA TALCA;#Stores C;FRANCISCOJORGE@EQUIPOTOUCH.COM;ALANGORDON@EQUIPOTOUCH.COM
10653;ABCDIN;CAUQUENES (AD);CONCEPCION TEMUCO;#Stores C;FRANCISCOJORGE@EQUIPOTOUCH.COM;ITALOCONTRERAS@EQUIPOTOUCH.COM
10090;ABCDIN;VILLARRICA (AD);CONCEPCION TEMUCO;#Stores B;FRANCISCOJORGE@EQUIPOTOUCH.COM;ITALOCONTRERAS@EQUIPOTOUCH.COM
10137;ABCDIN;LEBU (AD);CONCEPCION TEMUCO;#Stores C;FRANCISCOJORGE@EQUIPOTOUCH.COM;ITALOCONTRERAS@EQUIPOTOUCH.COM
10646;ABCDIN;RENGO (AD);RANCAGUA TALCA;#Stores C;FRANCISCOJORGE@EQUIPOTOUCH.COM;ALANGORDON@EQUIPOTOUCH.COM
10403;ABCDIN;QUILICURA (AD);ORIENTE;#Stores B;FRANCISCOJORGE@EQUIPOTOUCH.COM;CAMILADELGADO@EQUIPOTOUCH.COM
10405;ABCDIN;Movil Quilin;PONIENTE;#Stores C;MANUELQUERO@EQUIPOTOUCH.COM;RICARDOMARAMBIO@EQUIPOTOUCH.COM
10675;ABCDIN;OSORNO (AD);CONCEPCION TEMUCO;#Stores C;FRANCISCOJORGE@EQUIPOTOUCH.COM;ITALOCONTRERAS@EQUIPOTOUCH.COM
10648;ABCDIN;CONSTITUCION (AD);CONCEPCION TEMUCO;#Stores C;FRANCISCOJORGE@EQUIPOTOUCH.COM;ITALOCONTRERAS@EQUIPOTOUCH.COM
10112;ABCDIN;VICTORIA (AD);CONCEPCION TEMUCO;#Stores C;FRANCISCOJORGE@EQUIPOTOUCH.COM;ITALOCONTRERAS@EQUIPOTOUCH.COM
10084;ABCDIN;CURANILAHUE (AD);CONCEPCION TEMUCO;#Stores C;FRANCISCOJORGE@EQUIPOTOUCH.COM;ITALOCONTRERAS@EQUIPOTOUCH.COM
10083;ABCDIN;SAN CARLOS (AD);RANCAGUA TALCA;#Stores C;FRANCISCOJORGE@EQUIPOTOUCH.COM;ALANGORDON@EQUIPOTOUCH.COM
10654;ABCDIN;PARRAL (AD);RANCAGUA TALCA;#Stores C;FRANCISCOJORGE@EQUIPOTOUCH.COM;ALANGORDON@EQUIPOTOUCH.COM
10117;ABCDIN;ARAUCO (AD);CONCEPCION TEMUCO;#Stores C;FRANCISCOJORGE@EQUIPOTOUCH.COM;ITALOCONTRERAS@EQUIPOTOUCH.COM
10148;ABCDIN;NUEVA IMPERIAL II (AD);CONCEPCION TEMUCO;#Stores C;FRANCISCOJORGE@EQUIPOTOUCH.COM;ITALOCONTRERAS@EQUIPOTOUCH.COM
10;CORONA;ALAMEDA (C);PONIENTE;#Stores A;MANUELQUERO@EQUIPOTOUCH.COM;RUBENAVENDANO@EQUIPOTOUCH.COM
66;CORONA;MAIPU (C);PONIENTE;#Stores A;MANUELQUERO@EQUIPOTOUCH.COM;RUBENAVENDANO@EQUIPOTOUCH.COM
69;CORONA;SAN BERNARDO (C);PONIENTE;#Stores A;MANUELQUERO@EQUIPOTOUCH.COM;RUBENAVENDANO@EQUIPOTOUCH.COM
8;CORONA;PUENTE ALTO (C);PONIENTE;#Stores A;MANUELQUERO@EQUIPOTOUCH.COM;RICARDOMARAMBIO@EQUIPOTOUCH.COM
29;CORONA;ALAMEDA CENTRO (C);CENTRO;#Stores A;FRANCISCOJORGE@EQUIPOTOUCH.COM;ALANGORDON@EQUIPOTOUCH.COM
5;CORONA;VALPARAISO (C);V REGION;#Stores A;MANUELQUERO@EQUIPOTOUCH.COM;GONZALORAMOS@EQUIPOTOUCH.COM
27;CORONA;CONCEPCION (C);CONCEPCION TEMUCO;#Stores A;FRANCISCOJORGE@EQUIPOTOUCH.COM;ITALOCONTRERAS@EQUIPOTOUCH.COM
1;CORONA;ARICA (C);ANTOFAGASTA - CALAMA;#Stores A;MANUELQUERO@EQUIPOTOUCH.COM;FERNANDOGONZALEZ@EQUIPOTOUCH.COM
62;CORONA;COYHAIQUE (C);CONCEPCION TEMUCO;#Stores A;FRANCISCOJORGE@EQUIPOTOUCH.COM;ITALOCONTRERAS@EQUIPOTOUCH.COM
31;CORONA;COPIAPO (C);LA SERENA-COPIAPO;#Stores B;MANUELQUERO@EQUIPOTOUCH.COM;CLAUDIOROSAS@EQUIPOTOUCH.COM
78;CORONA;VALLENAR (C);LA SERENA-COPIAPO;#Stores A;MANUELQUERO@EQUIPOTOUCH.COM;CLAUDIOROSAS@EQUIPOTOUCH.COM
32;CORONA;OVALLE (C);LA SERENA-COPIAPO;#Stores B;MANUELQUERO@EQUIPOTOUCH.COM;CLAUDIOROSAS@EQUIPOTOUCH.COM
11;CORONA;MELIPILLA (C);PONIENTE;#Stores B;MANUELQUERO@EQUIPOTOUCH.COM;RUBENAVENDANO@EQUIPOTOUCH.COM
2;CORONA;ANTOFAGASTA (C);ANTOFAGASTA - CALAMA;#Stores A;MANUELQUERO@EQUIPOTOUCH.COM;FERNANDOGONZALEZ@EQUIPOTOUCH.COM
15;CORONA;CURICO (C);RANCAGUA TALCA;#Stores B;FRANCISCOJORGE@EQUIPOTOUCH.COM;ALANGORDON@EQUIPOTOUCH.COM
4;CORONA;LA SERENA (C);LA SERENA-COPIAPO;#Stores C;MANUELQUERO@EQUIPOTOUCH.COM;CLAUDIOROSAS@EQUIPOTOUCH.COM
30;CORONA;IQUIQUE (C);ANTOFAGASTA - CALAMA;#Stores B;MANUELQUERO@EQUIPOTOUCH.COM;FERNANDOGONZALEZ@EQUIPOTOUCH.COM
28;CORONA;COQUIMBO (C);LA SERENA-COPIAPO;#Stores C;MANUELQUERO@EQUIPOTOUCH.COM;CLAUDIOROSAS@EQUIPOTOUCH.COM
3;CORONA;CALAMA (C);ANTOFAGASTA - CALAMA;#Stores B;MANUELQUERO@EQUIPOTOUCH.COM;FERNANDOGONZALEZ@EQUIPOTOUCH.COM
23;CORONA;VALDIVIA (C);CONCEPCION TEMUCO;#Stores B;FRANCISCOJORGE@EQUIPOTOUCH.COM;ITALOCONTRERAS@EQUIPOTOUCH.COM
25;CORONA;PUERTO MONTT (C);CONCEPCION TEMUCO;#Stores C;FRANCISCOJORGE@EQUIPOTOUCH.COM;ITALOCONTRERAS@EQUIPOTOUCH.COM
17;CORONA;LINARES (C);RANCAGUA TALCA;#Stores B;FRANCISCOJORGE@EQUIPOTOUCH.COM;ALANGORDON@EQUIPOTOUCH.COM
20;CORONA;TEMUCO MONTT (C);CONCEPCION TEMUCO;#Stores B;FRANCISCOJORGE@EQUIPOTOUCH.COM;ITALOCONTRERAS@EQUIPOTOUCH.COM
16;CORONA;TALCA (C);RANCAGUA TALCA;#Stores C;FRANCISCOJORGE@EQUIPOTOUCH.COM;ALANGORDON@EQUIPOTOUCH.COM
24;CORONA;OSORNO (C);CONCEPCION TEMUCO;#Stores B;FRANCISCOJORGE@EQUIPOTOUCH.COM;ITALOCONTRERAS@EQUIPOTOUCH.COM
18;CORONA;LOS ANGELES (C);CONCEPCION TEMUCO;#Stores C;FRANCISCOJORGE@EQUIPOTOUCH.COM;ITALOCONTRERAS@EQUIPOTOUCH.COM
81;CORONA;ANGOL (C);CONCEPCION TEMUCO;#Stores C;FRANCISCOJORGE@EQUIPOTOUCH.COM;ITALOCONTRERAS@EQUIPOTOUCH.COM
83;CORONA;CHILLAN (C);CONCEPCION TEMUCO;#Stores C;FRANCISCOJORGE@EQUIPOTOUCH.COM;ITALOCONTRERAS@EQUIPOTOUCH.COM
94;CORONA;VILLARRICA (C);CONCEPCION TEMUCO;#Stores C;FRANCISCOJORGE@EQUIPOTOUCH.COM;ITALOCONTRERAS@EQUIPOTOUCH.COM
48;CORONA;PORTAL COMERCIO ELECTRONICO (C);INTERNET;#Stores A;;
21;CORONA;TEMUCO PORTALES (C);CONCEPCION TEMUCO;#Stores C;FRANCISCOJORGE@EQUIPOTOUCH.COM;ITALOCONTRERAS@EQUIPOTOUCH.COM
2000;FALABELLA;INTERNET (F);INTERNET;#Stores A;;
7200;FALABELLA;PLAZA VESPUCIO (F);PONIENTE;#Stores A;MANUELQUERO@EQUIPOTOUCH.COM;RICARDOMARAMBIO@EQUIPOTOUCH.COM
1501;FALABELLA;PLAZA OESTE (F);PONIENTE;#Stores A;MANUELQUERO@EQUIPOTOUCH.COM;RUBENAVENDANO@EQUIPOTOUCH.COM
2640;FALABELLA;ANTOFAGASTA MALL (F);ANTOFAGASTA - CALAMA;#Stores A;MANUELQUERO@EQUIPOTOUCH.COM;FERNANDOGONZALEZ@EQUIPOTOUCH.COM
165;FALABELLA;AHUMADA 165 (F);CENTRO;#Stores A;FRANCISCOJORGE@EQUIPOTOUCH.COM;ALANGORDON@EQUIPOTOUCH.COM
3741;FALABELLA;ARAUCO MAIPU (F);PONIENTE;#Stores A;MANUELQUERO@EQUIPOTOUCH.COM;RUBENAVENDANO@EQUIPOTOUCH.COM
1400;FALABELLA;LA SERENA (F);LA SERENA-COPIAPO;#Stores A;MANUELQUERO@EQUIPOTOUCH.COM;CLAUDIOROSAS@EQUIPOTOUCH.COM
1737;FALABELLA;PLAZA NORTE (F);ORIENTE;#Stores A;FRANCISCOJORGE@EQUIPOTOUCH.COM;CAMILADELGADO@EQUIPOTOUCH.COM
5413;FALABELLA;PARQUE ARAUCO (F);ORIENTE;#Stores A;FRANCISCOJORGE@EQUIPOTOUCH.COM;CAMILADELGADO@EQUIPOTOUCH.COM
3296;FALABELLA;PLAZA TOBALABA (F);PONIENTE;#Stores A;MANUELQUERO@EQUIPOTOUCH.COM;RICARDOMARAMBIO@EQUIPOTOUCH.COM
3660;FALABELLA;COSTANERA CENTER (F);ORIENTE;#Stores A;FRANCISCOJORGE@EQUIPOTOUCH.COM;CAMILADELGADO@EQUIPOTOUCH.COM
3177;FALABELLA;CONCEPCION EL TREBOL (F);CONCEPCION TEMUCO;#Stores A;FRANCISCOJORGE@EQUIPOTOUCH.COM;ITALOCONTRERAS@EQUIPOTOUCH.COM
9001;FALABELLA;ALTO LAS CONDES (F);ORIENTE;#Stores B;FRANCISCOJORGE@EQUIPOTOUCH.COM;CAMILADELGADO@EQUIPOTOUCH.COM
3001;FALABELLA;MALL ALAMEDA (F);PONIENTE;#Stores B;MANUELQUERO@EQUIPOTOUCH.COM;RUBENAVENDANO@EQUIPOTOUCH.COM
510;FALABELLA;VIÑA DEL MAR (F);V REGION;#Stores B;MANUELQUERO@EQUIPOTOUCH.COM;GONZALORAMOS@EQUIPOTOUCH.COM
438;FALABELLA;RANCAGUA (F);RANCAGUA TALCA;#Stores B;FRANCISCOJORGE@EQUIPOTOUCH.COM;ALANGORDON@EQUIPOTOUCH.COM
3009;FALABELLA;SAN BERNARDO (F);PONIENTE;#Stores B;MANUELQUERO@EQUIPOTOUCH.COM;RUBENAVENDANO@EQUIPOTOUCH.COM
3401;FALABELLA;MALL CALAMA (F);ANTOFAGASTA - CALAMA;#Stores B;MANUELQUERO@EQUIPOTOUCH.COM;FERNANDOGONZALEZ@EQUIPOTOUCH.COM
530;FALABELLA;PLAZA PUENTE (F);CENTRO;#Stores B;FRANCISCOJORGE@EQUIPOTOUCH.COM;ALANGORDON@EQUIPOTOUCH.COM
802;FALABELLA;CONCEPCION CENTRO (F);CONCEPCION TEMUCO;#Stores B;FRANCISCOJORGE@EQUIPOTOUCH.COM;ITALOCONTRERAS@EQUIPOTOUCH.COM
1806;FALABELLA;VALPARAISO (F);V REGION;#Stores B;MANUELQUERO@EQUIPOTOUCH.COM;GONZALORAMOS@EQUIPOTOUCH.COM
739;FALABELLA;COPIAPO (F);LA SERENA-COPIAPO;#Stores B;MANUELQUERO@EQUIPOTOUCH.COM;CLAUDIOROSAS@EQUIPOTOUCH.COM
1485;FALABELLA;TALCA (F);RANCAGUA TALCA;#Stores B;FRANCISCOJORGE@EQUIPOTOUCH.COM;ALANGORDON@EQUIPOTOUCH.COM
836;FALABELLA;OSORNO (F);CONCEPCION TEMUCO;#Stores A;FRANCISCOJORGE@EQUIPOTOUCH.COM;ITALOCONTRERAS@EQUIPOTOUCH.COM
1201;FALABELLA;LA CALERA (F);V REGION;#Stores B;MANUELQUERO@EQUIPOTOUCH.COM;GONZALORAMOS@EQUIPOTOUCH.COM
3790;FALABELLA;PLAZA EGAÑA (F);ORIENTE;#Stores B;FRANCISCOJORGE@EQUIPOTOUCH.COM;CAMILADELGADO@EQUIPOTOUCH.COM
810;FALABELLA;QUILPUE (F);V REGION;#Stores C;MANUELQUERO@EQUIPOTOUCH.COM;GONZALORAMOS@EQUIPOTOUCH.COM
2990;FALABELLA;PUNTA ARENAS (F);CONCEPCION TEMUCO;#Stores B;FRANCISCOJORGE@EQUIPOTOUCH.COM;ITALOCONTRERAS@EQUIPOTOUCH.COM
1445;FALABELLA;LA DEHESA (F);ORIENTE;#Stores B;FRANCISCOJORGE@EQUIPOTOUCH.COM;CAMILADELGADO@EQUIPOTOUCH.COM
307;FALABELLA;PUERTO MONTT (F);CONCEPCION TEMUCO;#Stores B;FRANCISCOJORGE@EQUIPOTOUCH.COM;ITALOCONTRERAS@EQUIPOTOUCH.COM
472;FALABELLA;LOS ANGELES (F);CONCEPCION TEMUCO;#Stores C;FRANCISCOJORGE@EQUIPOTOUCH.COM;ITALOCONTRERAS@EQUIPOTOUCH.COM
570;FALABELLA;TEMUCO (F);CONCEPCION TEMUCO;#Stores B;FRANCISCOJORGE@EQUIPOTOUCH.COM;ITALOCONTRERAS@EQUIPOTOUCH.COM
2775;FALABELLA;VALDIVIA MALL (F);CONCEPCION TEMUCO;#Stores B;FRANCISCOJORGE@EQUIPOTOUCH.COM;ITALOCONTRERAS@EQUIPOTOUCH.COM
2555;FALABELLA;IQUIQUE (F);ANTOFAGASTA - CALAMA;#Stores C;MANUELQUERO@EQUIPOTOUCH.COM;FERNANDOGONZALEZ@EQUIPOTOUCH.COM
70;FALABELLA;LYON (F);ORIENTE;#Stores C;FRANCISCOJORGE@EQUIPOTOUCH.COM;CAMILADELGADO@EQUIPOTOUCH.COM
603;FALABELLA;CURICO (F);RANCAGUA TALCA;#Stores C;FRANCISCOJORGE@EQUIPOTOUCH.COM;ALANGORDON@EQUIPOTOUCH.COM
2214;FALABELLA;MELIPILLA (F);PONIENTE;#Stores C;MANUELQUERO@EQUIPOTOUCH.COM;RUBENAVENDANO@EQUIPOTOUCH.COM
3560;FALABELLA;SAN FELIPE (F);V REGION;#Stores C;MANUELQUERO@EQUIPOTOUCH.COM;GONZALORAMOS@EQUIPOTOUCH.COM
2103;FALABELLA;T. OVALLE (F);LA SERENA-COPIAPO;#Stores C;MANUELQUERO@EQUIPOTOUCH.COM;CLAUDIOROSAS@EQUIPOTOUCH.COM
2381;FALABELLA;MANQUEHUE (F);ORIENTE;#Stores C;FRANCISCOJORGE@EQUIPOTOUCH.COM;CAMILADELGADO@EQUIPOTOUCH.COM
3780;FALABELLA;LOS ANDES (F);V REGION;#Stores C;MANUELQUERO@EQUIPOTOUCH.COM;GONZALORAMOS@EQUIPOTOUCH.COM
580;FALABELLA;PUCON (F);CONCEPCION TEMUCO;#Stores C;FRANCISCOJORGE@EQUIPOTOUCH.COM;ITALOCONTRERAS@EQUIPOTOUCH.COM
882;FALABELLA;CHILLAN2 (F);CONCEPCION TEMUCO;#Stores C;FRANCISCOJORGE@EQUIPOTOUCH.COM;ITALOCONTRERAS@EQUIPOTOUCH.COM
2879;FALABELLA;M. CASTRO (F);CONCEPCION TEMUCO;#Stores C;FRANCISCOJORGE@EQUIPOTOUCH.COM;ITALOCONTRERAS@EQUIPOTOUCH.COM
2262;FALABELLA;SN FERNANDO (F);RANCAGUA TALCA;#Stores C;FRANCISCOJORGE@EQUIPOTOUCH.COM;ALANGORDON@EQUIPOTOUCH.COM
54;HITES;ESTACION CENTRAL (H);PONIENTE;#Stores A;MANUELQUERO@EQUIPOTOUCH.COM;RUBENAVENDANO@EQUIPOTOUCH.COM
51;HITES;PUENTE ALTO 175 (H);PONIENTE;#Stores A;MANUELQUERO@EQUIPOTOUCH.COM;RICARDOMARAMBIO@EQUIPOTOUCH.COM
59;HITES;ANTOFAGASTA (H);ANTOFAGASTA - CALAMA;#Stores A;MANUELQUERO@EQUIPOTOUCH.COM;FERNANDOGONZALEZ@EQUIPOTOUCH.COM
55;HITES;SAN BERNARDO (H);PONIENTE;#Stores A;MANUELQUERO@EQUIPOTOUCH.COM;RUBENAVENDANO@EQUIPOTOUCH.COM
8;HITES;PLAZA ARMAS (H);CENTRO;#Stores A;FRANCISCOJORGE@EQUIPOTOUCH.COM;ALANGORDON@EQUIPOTOUCH.COM
6;HITES;PUENTE (H);CENTRO;#Stores A;FRANCISCOJORGE@EQUIPOTOUCH.COM;ALANGORDON@EQUIPOTOUCH.COM
50;HITES;MAIPU 33 (H);PONIENTE;#Stores A;MANUELQUERO@EQUIPOTOUCH.COM;RUBENAVENDANO@EQUIPOTOUCH.COM
40;HITES;LA SERENA (H);LA SERENA-COPIAPO;#Stores B;MANUELQUERO@EQUIPOTOUCH.COM;CLAUDIOROSAS@EQUIPOTOUCH.COM
1;HITES;EDIF. PUENTE (H);CENTRO;#Stores B;FRANCISCOJORGE@EQUIPOTOUCH.COM;ALANGORDON@EQUIPOTOUCH.COM
11;HITES;ALAMEDA (H);CENTRO;#Stores B;FRANCISCOJORGE@EQUIPOTOUCH.COM;ALANGORDON@EQUIPOTOUCH.COM
49;HITES;RANCAGUA_756 (H);RANCAGUA TALCA;#Stores B;FRANCISCOJORGE@EQUIPOTOUCH.COM;ALANGORDON@EQUIPOTOUCH.COM
13;HITES;TIENDA QUILICURA (H);ORIENTE;#Stores B;FRANCISCOJORGE@EQUIPOTOUCH.COM;CAMILADELGADO@EQUIPOTOUCH.COM
47;HITES;TIENDA COPIAPO (H);LA SERENA-COPIAPO;#Stores B;MANUELQUERO@EQUIPOTOUCH.COM;CLAUDIOROSAS@EQUIPOTOUCH.COM
57;HITES;CONCEPCION (H);CONCEPCION TEMUCO;#Stores B;FRANCISCOJORGE@EQUIPOTOUCH.COM;ITALOCONTRERAS@EQUIPOTOUCH.COM
56;HITES;TEMUCO (H);CONCEPCION TEMUCO;#Stores B;FRANCISCOJORGE@EQUIPOTOUCH.COM;ITALOCONTRERAS@EQUIPOTOUCH.COM
26;HITES;CHILLAN (H);CONCEPCION TEMUCO;#Stores C;FRANCISCOJORGE@EQUIPOTOUCH.COM;ITALOCONTRERAS@EQUIPOTOUCH.COM
45;HITES;OSORNO (H);CONCEPCION TEMUCO;#Stores C;FRANCISCOJORGE@EQUIPOTOUCH.COM;ITALOCONTRERAS@EQUIPOTOUCH.COM
18;HITES;EXPO OVALLE (H);LA SERENA-COPIAPO;#Stores C;MANUELQUERO@EQUIPOTOUCH.COM;CLAUDIOROSAS@EQUIPOTOUCH.COM
2;HITES;INTERNET (H);INTERNET;#Stores A;;
38;HITES;TALCA (H);RANCAGUA TALCA;#Stores C;FRANCISCOJORGE@EQUIPOTOUCH.COM;ALANGORDON@EQUIPOTOUCH.COM
52;HITES;CONCEPCION 2 (H);CONCEPCION TEMUCO;#Stores A;FRANCISCOJORGE@EQUIPOTOUCH.COM;ITALOCONTRERAS@EQUIPOTOUCH.COM
53;HITES;LOS ANGELES (H);CONCEPCION TEMUCO;#Stores C;FRANCISCOJORGE@EQUIPOTOUCH.COM;ITALOCONTRERAS@EQUIPOTOUCH.COM
401;JOHNSONS;MEGA MAIPU (J);PONIENTE;#Stores A;MANUELQUERO@EQUIPOTOUCH.COM;RUBENAVENDANO@EQUIPOTOUCH.COM
430;JOHNSONS;CONCEPCION (J);CONCEPCION TEMUCO;#Stores A;FRANCISCOJORGE@EQUIPOTOUCH.COM;ITALOCONTRERAS@EQUIPOTOUCH.COM
403;JOHNSONS;MEGA PUENTE (J);CENTRO;#Stores A;FRANCISCOJORGE@EQUIPOTOUCH.COM;ALANGORDON@EQUIPOTOUCH.COM
408;JOHNSONS;MEGA FLORIDA CENTER (J);PONIENTE;#Stores A;MANUELQUERO@EQUIPOTOUCH.COM;RICARDOMARAMBIO@EQUIPOTOUCH.COM
406;JOHNSONS;MEGA VIÑA DEL MAR (J);V REGION;#Stores A;MANUELQUERO@EQUIPOTOUCH.COM;GONZALORAMOS@EQUIPOTOUCH.COM
409;JOHNSONS;MEGA SAN BERNARDO (J);PONIENTE;#Stores A;MANUELQUERO@EQUIPOTOUCH.COM;RUBENAVENDANO@EQUIPOTOUCH.COM
405;JOHNSONS;MEGA LA SERENA (J);LA SERENA-COPIAPO;#Stores A;MANUELQUERO@EQUIPOTOUCH.COM;CLAUDIOROSAS@EQUIPOTOUCH.COM
407;JOHNSONS;MEGA PUENTE ALTO (J);PONIENTE;#Stores A;MANUELQUERO@EQUIPOTOUCH.COM;RICARDOMARAMBIO@EQUIPOTOUCH.COM
445;JOHNSONS;SAN FERNANDO (J);RANCAGUA TALCA;#Stores C;FRANCISCOJORGE@EQUIPOTOUCH.COM;ALANGORDON@EQUIPOTOUCH.COM
441;JOHNSONS;CALAMA2 (J);ANTOFAGASTA - CALAMA;#Stores A;MANUELQUERO@EQUIPOTOUCH.COM;FERNANDOGONZALEZ@EQUIPOTOUCH.COM
456;JOHNSONS;ARICA (J);ANTOFAGASTA - CALAMA;#Stores A;MANUELQUERO@EQUIPOTOUCH.COM;FERNANDOGONZALEZ@EQUIPOTOUCH.COM
417;JOHNSONS;PLAZA VESPUCIO (J);PONIENTE;#Stores A;MANUELQUERO@EQUIPOTOUCH.COM;RICARDOMARAMBIO@EQUIPOTOUCH.COM
414;JOHNSONS;RANCAGUA (J);RANCAGUA TALCA;#Stores B;FRANCISCOJORGE@EQUIPOTOUCH.COM;ALANGORDON@EQUIPOTOUCH.COM
410;JOHNSONS;MEGA QUILLOTA (J);V REGION;#Stores B;MANUELQUERO@EQUIPOTOUCH.COM;GONZALORAMOS@EQUIPOTOUCH.COM
411;JOHNSONS;MEGA COQUIMBO (J);LA SERENA-COPIAPO;#Stores B;MANUELQUERO@EQUIPOTOUCH.COM;CLAUDIOROSAS@EQUIPOTOUCH.COM
402;JOHNSONS;MEGA MALL PLAZA ALAM (J);PONIENTE;#Stores B;MANUELQUERO@EQUIPOTOUCH.COM;RUBENAVENDANO@EQUIPOTOUCH.COM
433;JOHNSONS;SAN FELIPE (J);V REGION;#Stores B;MANUELQUERO@EQUIPOTOUCH.COM;GONZALORAMOS@EQUIPOTOUCH.COM
423;JOHNSONS;COPIAPO (J);LA SERENA-COPIAPO;#Stores B;MANUELQUERO@EQUIPOTOUCH.COM;CLAUDIOROSAS@EQUIPOTOUCH.COM
413;JOHNSONS;CHILLAN (J);CONCEPCION TEMUCO;#Stores A;FRANCISCOJORGE@EQUIPOTOUCH.COM;ITALOCONTRERAS@EQUIPOTOUCH.COM
404;JOHNSONS;MEGA QUILIN (J);PONIENTE;#Stores A;MANUELQUERO@EQUIPOTOUCH.COM;RICARDOMARAMBIO@EQUIPOTOUCH.COM
459;JOHNSONS;VALLENAR (J);LA SERENA-COPIAPO;#Stores B;MANUELQUERO@EQUIPOTOUCH.COM;CLAUDIOROSAS@EQUIPOTOUCH.COM
437;JOHNSONS;MAIPU (J);PONIENTE;#Stores B;MANUELQUERO@EQUIPOTOUCH.COM;RUBENAVENDANO@EQUIPOTOUCH.COM
435;JOHNSONS;TALCA II (J);RANCAGUA TALCA;#Stores C;FRANCISCOJORGE@EQUIPOTOUCH.COM;ALANGORDON@EQUIPOTOUCH.COM
458;JOHNSONS;ANTOFAGASTA (J);ANTOFAGASTA - CALAMA;#Stores A;MANUELQUERO@EQUIPOTOUCH.COM;FERNANDOGONZALEZ@EQUIPOTOUCH.COM
420;JOHNSONS;IQUIQUE (J);ANTOFAGASTA - CALAMA;#Stores C;MANUELQUERO@EQUIPOTOUCH.COM;FERNANDOGONZALEZ@EQUIPOTOUCH.COM
427;JOHNSONS;MELIPILLA (J);PONIENTE;#Stores B;MANUELQUERO@EQUIPOTOUCH.COM;RUBENAVENDANO@EQUIPOTOUCH.COM
418;JOHNSONS;PUNTA ARENAS (J);CONCEPCION TEMUCO;#Stores B;FRANCISCOJORGE@EQUIPOTOUCH.COM;ITALOCONTRERAS@EQUIPOTOUCH.COM
429;JOHNSONS;LOS ANDES (J);V REGION;#Stores B;MANUELQUERO@EQUIPOTOUCH.COM;GONZALORAMOS@EQUIPOTOUCH.COM
432;JOHNSONS;SAN ANTONIO (J);V REGION;#Stores B;MANUELQUERO@EQUIPOTOUCH.COM;GONZALORAMOS@EQUIPOTOUCH.COM
431;JOHNSONS;LINARES (J);RANCAGUA TALCA;#Stores B;FRANCISCOJORGE@EQUIPOTOUCH.COM;ALANGORDON@EQUIPOTOUCH.COM
439;JOHNSONS;OVALLE (J);LA SERENA-COPIAPO;#Stores B;MANUELQUERO@EQUIPOTOUCH.COM;CLAUDIOROSAS@EQUIPOTOUCH.COM
442;JOHNSONS;TEMUCO (J);CONCEPCION TEMUCO;#Stores B;FRANCISCOJORGE@EQUIPOTOUCH.COM;ITALOCONTRERAS@EQUIPOTOUCH.COM
419;JOHNSONS;VALDIVIA (J);CONCEPCION TEMUCO;#Stores C;FRANCISCOJORGE@EQUIPOTOUCH.COM;ITALOCONTRERAS@EQUIPOTOUCH.COM
464;JOHNSONS;TALCAHUANO (J);CONCEPCION TEMUCO;#Stores B;FRANCISCOJORGE@EQUIPOTOUCH.COM;ITALOCONTRERAS@EQUIPOTOUCH.COM
479;JOHNSONS;CORONEL (J);CONCEPCION TEMUCO;#Stores C;FRANCISCOJORGE@EQUIPOTOUCH.COM;ITALOCONTRERAS@EQUIPOTOUCH.COM
J502;JUMBO;KENNEDY (JU);ORIENTE;#Stores A;FRANCISCOJORGE@EQUIPOTOUCH.COM;CAMILADELGADO@EQUIPOTOUCH.COM
J501;JUMBO;BILBAO (JU);ORIENTE;#Stores B;FRANCISCOJORGE@EQUIPOTOUCH.COM;CAMILADELGADO@EQUIPOTOUCH.COM
J510;JUMBO;LA FLORIDA (JU);PONIENTE;#Stores A;MANUELQUERO@EQUIPOTOUCH.COM;RICARDOMARAMBIO@EQUIPOTOUCH.COM
J503;JUMBO;MAIPU (JU);PONIENTE;#Stores A;MANUELQUERO@EQUIPOTOUCH.COM;RUBENAVENDANO@EQUIPOTOUCH.COM
J659;JUMBO;CONCHA Y TORO (JU);ORIENTE;#Stores B;FRANCISCOJORGE@EQUIPOTOUCH.COM;CAMILADELGADO@EQUIPOTOUCH.COM
J512;JUMBO;LA REINA (JU);ORIENTE;#Stores B;FRANCISCOJORGE@EQUIPOTOUCH.COM;CAMILADELGADO@EQUIPOTOUCH.COM
J624;JUMBO;EL ALBA (JU);ORIENTE;#Stores A;FRANCISCOJORGE@EQUIPOTOUCH.COM;CAMILADELGADO@EQUIPOTOUCH.COM
J508;JUMBO;VIÑA DEL MAR (JU);V REGION;#Stores A;MANUELQUERO@EQUIPOTOUCH.COM;GONZALORAMOS@EQUIPOTOUCH.COM
J739;JUMBO;BOSQUEMAR (JU);V REGION;#Stores A;MANUELQUERO@EQUIPOTOUCH.COM;GONZALORAMOS@EQUIPOTOUCH.COM
J796;JUMBO;ANTOFAGASTA PEDRO A. CERDA (JU);ANTOFAGASTA - CALAMA;#Stores A;MANUELQUERO@EQUIPOTOUCH.COM;FERNANDOGONZALEZ@EQUIPOTOUCH.COM
J534;JUMBO;ANTOFAGASTA ANGAMOS (JU);ANTOFAGASTA - CALAMA;#Stores A;MANUELQUERO@EQUIPOTOUCH.COM;FERNANDOGONZALEZ@EQUIPOTOUCH.COM
J504;JUMBO;RANCAGUA (JU);RANCAGUA TALCA;#Stores A;FRANCISCOJORGE@EQUIPOTOUCH.COM;ALANGORDON@EQUIPOTOUCH.COM
J592;JUMBO;CURICO (JU);RANCAGUA TALCA;#Stores B;FRANCISCOJORGE@EQUIPOTOUCH.COM;ALANGORDON@EQUIPOTOUCH.COM
J532;JUMBO;CHILLAN (JU);CONCEPCION TEMUCO;#Stores B;FRANCISCOJORGE@EQUIPOTOUCH.COM;ITALOCONTRERAS@EQUIPOTOUCH.COM
J506;JUMBO;TEMUCO AV. ALEMANIA (JU);CONCEPCION TEMUCO;#Stores B;FRANCISCOJORGE@EQUIPOTOUCH.COM;ITALOCONTRERAS@EQUIPOTOUCH.COM
J511;JUMBO;COSTANERA (JU);ORIENTE;#Stores A;FRANCISCOJORGE@EQUIPOTOUCH.COM;CAMILADELGADO@EQUIPOTOUCH.COM
J513;JUMBO;EL LLANO SUBERCASEAUX (JU);PONIENTE;#Stores A;MANUELQUERO@EQUIPOTOUCH.COM;RUBENAVENDANO@EQUIPOTOUCH.COM
J843;JUMBO;SAN BERNARDO LAS LILAS (JU);PONIENTE;#Stores B;MANUELQUERO@EQUIPOTOUCH.COM;RUBENAVENDANO@EQUIPOTOUCH.COM
J507;JUMBO;PUERTO MONTT (JU);CONCEPCION TEMUCO;#Stores B;FRANCISCOJORGE@EQUIPOTOUCH.COM;ITALOCONTRERAS@EQUIPOTOUCH.COM
J519;JUMBO;PEÑALOLEN (JU);ORIENTE;#Stores B;FRANCISCOJORGE@EQUIPOTOUCH.COM;CAMILADELGADO@EQUIPOTOUCH.COM
J770;JUMBO;PAJARITOS (JU);PONIENTE;#Stores C;MANUELQUERO@EQUIPOTOUCH.COM;RUBENAVENDANO@EQUIPOTOUCH.COM
J520;JUMBO;VALPARAISO (JU);V REGION;#Stores A;MANUELQUERO@EQUIPOTOUCH.COM;GONZALORAMOS@EQUIPOTOUCH.COM
J781;JUMBO;EL BELLOTO (JU);V REGION;#Stores B;MANUELQUERO@EQUIPOTOUCH.COM;GONZALORAMOS@EQUIPOTOUCH.COM
J514;JUMBO;LA DEHESA (JU);ORIENTE;#Stores A;FRANCISCOJORGE@EQUIPOTOUCH.COM;CAMILADELGADO@EQUIPOTOUCH.COM
J591;JUMBO;TALCA EL ARENAL (JU);RANCAGUA TALCA;#Stores B;FRANCISCOJORGE@EQUIPOTOUCH.COM;ALANGORDON@EQUIPOTOUCH.COM
J780;JUMBO;LOS ANDES (JU);V REGION;#Stores A;MANUELQUERO@EQUIPOTOUCH.COM;GONZALORAMOS@EQUIPOTOUCH.COM
J614;JUMBO;CALAMA (JU);ANTOFAGASTA - CALAMA;#Stores A;MANUELQUERO@EQUIPOTOUCH.COM;FERNANDOGONZALEZ@EQUIPOTOUCH.COM
J762;JUMBO;LOS TRAPENSES (JU);ORIENTE;#Stores C;FRANCISCOJORGE@EQUIPOTOUCH.COM;CAMILADELGADO@EQUIPOTOUCH.COM
J521;JUMBO;LA SERENA (JU);LA SERENA-COPIAPO;#Stores A;MANUELQUERO@EQUIPOTOUCH.COM;CLAUDIOROSAS@EQUIPOTOUCH.COM
J760;JUMBO;COPIAPO (JU);LA SERENA-COPIAPO;#Stores B;MANUELQUERO@EQUIPOTOUCH.COM;CLAUDIOROSAS@EQUIPOTOUCH.COM
J613;JUMBO;PUENTE ALTO (JU);PONIENTE;#Stores B;MANUELQUERO@EQUIPOTOUCH.COM;RICARDOMARAMBIO@EQUIPOTOUCH.COM
J775;JUMBO;ÑUÑOA (JU);ORIENTE;#Stores C;FRANCISCOJORGE@EQUIPOTOUCH.COM;CAMILADELGADO@EQUIPOTOUCH.COM
J695;JUMBO;LOS ANGELES (JU);CONCEPCION TEMUCO;#Stores B;FRANCISCOJORGE@EQUIPOTOUCH.COM;ITALOCONTRERAS@EQUIPOTOUCH.COM
J660;JUMBO;IQUIQUE (JU);ANTOFAGASTA - CALAMA;#Stores B;MANUELQUERO@EQUIPOTOUCH.COM;FERNANDOGONZALEZ@EQUIPOTOUCH.COM
J809;JUMBO;MALL CENTER CONCEPCION (JU);CONCEPCION TEMUCO;#Stores B;FRANCISCOJORGE@EQUIPOTOUCH.COM;ITALOCONTRERAS@EQUIPOTOUCH.COM
J748;JUMBO;OSORNO (JU);CONCEPCION TEMUCO;#Stores B;FRANCISCOJORGE@EQUIPOTOUCH.COM;ITALOCONTRERAS@EQUIPOTOUCH.COM
J633;JUMBO;ALESSANDRI HUALPEN (JU);CONCEPCION TEMUCO;#Stores B;FRANCISCOJORGE@EQUIPOTOUCH.COM;ITALOCONTRERAS@EQUIPOTOUCH.COM
J1000;JUMBO;261-SISA QUILPUE FREIRE 2411 (JU);V REGION;#Stores C;MANUELQUERO@EQUIPOTOUCH.COM;GONZALORAMOS@EQUIPOTOUCH.COM
J1001;JUMBO;JUMBO ANTOFAGASTA (JU);ANTOFAGASTA - CALAMA;#Stores C;MANUELQUERO@EQUIPOTOUCH.COM;FERNANDOGONZALEZ@EQUIPOTOUCH.COM
J1002;JUMBO;JUMBO PTO MONTT (JU);CONCEPCION TEMUCO;#Stores C;FRANCISCOJORGE@EQUIPOTOUCH.COM;ITALOCONTRERAS@EQUIPOTOUCH.COM
32;Paris;INTERNET (P);INTERNET;#Stores A;;
20;Paris;ALTO LAS CONDES (P);ORIENTE;#Stores A;FRANCISCOJORGE@EQUIPOTOUCH.COM;CAMILADELGADO@EQUIPOTOUCH.COM
10;Paris;PLAZA OESTE (P);PONIENTE;#Stores A;MANUELQUERO@EQUIPOTOUCH.COM;RUBENAVENDANO@EQUIPOTOUCH.COM
22;Paris;MARINA ARAUCO (P);V REGION;#Stores A;MANUELQUERO@EQUIPOTOUCH.COM;GONZALORAMOS@EQUIPOTOUCH.COM
64;Paris;FLORIDA (P);PONIENTE;#Stores A;MANUELQUERO@EQUIPOTOUCH.COM;RICARDOMARAMBIO@EQUIPOTOUCH.COM
89;Paris;PLAZA VESPUCIO (P);PONIENTE;#Stores A;MANUELQUERO@EQUIPOTOUCH.COM;RICARDOMARAMBIO@EQUIPOTOUCH.COM
88;Paris;PARQUE ARAUCO (P);ORIENTE;#Stores A;FRANCISCOJORGE@EQUIPOTOUCH.COM;CAMILADELGADO@EQUIPOTOUCH.COM
16;Paris;PLAZA DEL TREBOL (P);CONCEPCION TEMUCO;#Stores B;FRANCISCOJORGE@EQUIPOTOUCH.COM;ITALOCONTRERAS@EQUIPOTOUCH.COM
26;Paris;AHUMADA (P);CENTRO;#Stores A;FRANCISCOJORGE@EQUIPOTOUCH.COM;ALANGORDON@EQUIPOTOUCH.COM
37;Paris;HUECHURABA (P);ORIENTE;#Stores A;FRANCISCOJORGE@EQUIPOTOUCH.COM;CAMILADELGADO@EQUIPOTOUCH.COM
30;Paris;ANTOFAGASTA II (P);ANTOFAGASTA - CALAMA;#Stores A;MANUELQUERO@EQUIPOTOUCH.COM;FERNANDOGONZALEZ@EQUIPOTOUCH.COM
115;Paris;COSTANERA CENTER (P);ORIENTE;#Stores A;FRANCISCOJORGE@EQUIPOTOUCH.COM;CAMILADELGADO@EQUIPOTOUCH.COM
21;Paris;PLAZA LA SERENA (P);LA SERENA-COPIAPO;#Stores B;MANUELQUERO@EQUIPOTOUCH.COM;CLAUDIOROSAS@EQUIPOTOUCH.COM
1;Paris;ALAMEDA (P);CENTRO;#Stores B;FRANCISCOJORGE@EQUIPOTOUCH.COM;ALANGORDON@EQUIPOTOUCH.COM
102;Paris;MAIPU (P);PONIENTE;#Stores B;MANUELQUERO@EQUIPOTOUCH.COM;RUBENAVENDANO@EQUIPOTOUCH.COM
23;Paris;PLAZA TOBALABA (P);PONIENTE;#Stores B;MANUELQUERO@EQUIPOTOUCH.COM;RICARDOMARAMBIO@EQUIPOTOUCH.COM
40;Paris;RANCAGUA (P);RANCAGUA TALCA;#Stores B;FRANCISCOJORGE@EQUIPOTOUCH.COM;ALANGORDON@EQUIPOTOUCH.COM
39;Paris;CALAMA (P);ANTOFAGASTA - CALAMA;#Stores B;MANUELQUERO@EQUIPOTOUCH.COM;FERNANDOGONZALEZ@EQUIPOTOUCH.COM
17;Paris;BARROS ARANA (P);CONCEPCION TEMUCO;#Stores B;FRANCISCOJORGE@EQUIPOTOUCH.COM;ITALOCONTRERAS@EQUIPOTOUCH.COM
101;Paris;SAN BERNARDO (P);PONIENTE;#Stores B;MANUELQUERO@EQUIPOTOUCH.COM;RUBENAVENDANO@EQUIPOTOUCH.COM
25;Paris;PUERTO MONTT (P);CONCEPCION TEMUCO;#Stores B;FRANCISCOJORGE@EQUIPOTOUCH.COM;ITALOCONTRERAS@EQUIPOTOUCH.COM
13;Paris;VALPARAISO (P);V REGION;#Stores B;MANUELQUERO@EQUIPOTOUCH.COM;GONZALORAMOS@EQUIPOTOUCH.COM
106;Paris;MALL PASEO ESTACION (P);PONIENTE;#Stores B;MANUELQUERO@EQUIPOTOUCH.COM;RUBENAVENDANO@EQUIPOTOUCH.COM
107;Paris;PORTAL BELLOTO (P);V REGION;#Stores B;MANUELQUERO@EQUIPOTOUCH.COM;GONZALORAMOS@EQUIPOTOUCH.COM
41;Paris;TEMUCO II (P);CONCEPCION TEMUCO;#Stores B;FRANCISCOJORGE@EQUIPOTOUCH.COM;ITALOCONTRERAS@EQUIPOTOUCH.COM
44;Paris;LOS ANGELES (P);CONCEPCION TEMUCO;#Stores B;FRANCISCOJORGE@EQUIPOTOUCH.COM;ITALOCONTRERAS@EQUIPOTOUCH.COM
119;Paris;PARIS QUILICURA (P);ORIENTE;#Stores B;FRANCISCOJORGE@EQUIPOTOUCH.COM;CAMILADELGADO@EQUIPOTOUCH.COM
60;Paris;EL ROBLE (P);CONCEPCION TEMUCO;#Stores B;FRANCISCOJORGE@EQUIPOTOUCH.COM;ITALOCONTRERAS@EQUIPOTOUCH.COM
38;Paris;TALCA (P);RANCAGUA TALCA;#Stores B;FRANCISCOJORGE@EQUIPOTOUCH.COM;ALANGORDON@EQUIPOTOUCH.COM
105;Paris;COPIAPO (P);LA SERENA-COPIAPO;#Stores B;MANUELQUERO@EQUIPOTOUCH.COM;CLAUDIOROSAS@EQUIPOTOUCH.COM
87;Paris;TEMUCO (P);CONCEPCION TEMUCO;#Stores B;FRANCISCOJORGE@EQUIPOTOUCH.COM;ITALOCONTRERAS@EQUIPOTOUCH.COM
110;Paris;ARICA (P);ANTOFAGASTA - CALAMA;#Stores B;MANUELQUERO@EQUIPOTOUCH.COM;FERNANDOGONZALEZ@EQUIPOTOUCH.COM
9;Paris;LYON (P);ORIENTE;#Stores C;FRANCISCOJORGE@EQUIPOTOUCH.COM;CAMILADELGADO@EQUIPOTOUCH.COM
111;Paris;SAN ANTONIO (P);V REGION;#Stores C;MANUELQUERO@EQUIPOTOUCH.COM;GONZALORAMOS@EQUIPOTOUCH.COM
19;Paris;CURICO (P);RANCAGUA TALCA;#Stores C;FRANCISCOJORGE@EQUIPOTOUCH.COM;ALANGORDON@EQUIPOTOUCH.COM
118;Paris;PARIS QUILIN (P);PONIENTE;#Stores C;MANUELQUERO@EQUIPOTOUCH.COM;RICARDOMARAMBIO@EQUIPOTOUCH.COM
108;Paris;PORTAL NUÑOA (P);ORIENTE;#Stores C;FRANCISCOJORGE@EQUIPOTOUCH.COM;CAMILADELGADO@EQUIPOTOUCH.COM
103;Paris;IQUIQUE (P);ANTOFAGASTA - CALAMA;#Stores C;MANUELQUERO@EQUIPOTOUCH.COM;FERNANDOGONZALEZ@EQUIPOTOUCH.COM
109;Paris;PORTAL OSORNO (P);CONCEPCION TEMUCO;#Stores C;FRANCISCOJORGE@EQUIPOTOUCH.COM;ITALOCONTRERAS@EQUIPOTOUCH.COM
116;Paris;CENTROREX RANCAGUA (P);RANCAGUA TALCA;#Stores C;FRANCISCOJORGE@EQUIPOTOUCH.COM;ALANGORDON@EQUIPOTOUCH.COM
121;Paris;PARIS OVALLE (P);LA SERENA-COPIAPO;#Stores B;MANUELQUERO@EQUIPOTOUCH.COM;CLAUDIOROSAS@EQUIPOTOUCH.COM
10039;Ripley;INTERNET (R);INTERNET;#Stores A;;
10037;Ripley;MARINA ARAUCO (R);V REGION;#Stores A;MANUELQUERO@EQUIPOTOUCH.COM;GONZALORAMOS@EQUIPOTOUCH.COM
10016;Ripley;PLAZA VESPUCIO (R);PONIENTE;#Stores A;MANUELQUERO@EQUIPOTOUCH.COM;RICARDOMARAMBIO@EQUIPOTOUCH.COM
10045;Ripley;PLAZA OESTE (R);PONIENTE;#Stores A;MANUELQUERO@EQUIPOTOUCH.COM;RUBENAVENDANO@EQUIPOTOUCH.COM
10048;Ripley;HUECHURABA (R);ORIENTE;#Stores A;FRANCISCOJORGE@EQUIPOTOUCH.COM;CAMILADELGADO@EQUIPOTOUCH.COM
10012;Ripley;PARQUE ARAUCO (R);ORIENTE;#Stores A;FRANCISCOJORGE@EQUIPOTOUCH.COM;CAMILADELGADO@EQUIPOTOUCH.COM
10026;Ripley;ANTOFAGASTA (R);ANTOFAGASTA - CALAMA;#Stores A;MANUELQUERO@EQUIPOTOUCH.COM;FERNANDOGONZALEZ@EQUIPOTOUCH.COM
10018;Ripley;PUENTE (R);CENTRO;#Stores A;FRANCISCOJORGE@EQUIPOTOUCH.COM;ALANGORDON@EQUIPOTOUCH.COM
10034;Ripley;COSTANERA CENTER (R);ORIENTE;#Stores A;FRANCISCOJORGE@EQUIPOTOUCH.COM;CAMILADELGADO@EQUIPOTOUCH.COM
10057;Ripley;FLORIDA CENTER (R);PONIENTE;#Stores A;MANUELQUERO@EQUIPOTOUCH.COM;RICARDOMARAMBIO@EQUIPOTOUCH.COM
10046;Ripley;PLAZA TOBALABA (R);PONIENTE;#Stores B;MANUELQUERO@EQUIPOTOUCH.COM;RICARDOMARAMBIO@EQUIPOTOUCH.COM
10029;Ripley;ALTO LAS CONDES (R);ORIENTE;#Stores B;FRANCISCOJORGE@EQUIPOTOUCH.COM;CAMILADELGADO@EQUIPOTOUCH.COM
10088;Ripley;MAIPU (R);PONIENTE;#Stores B;MANUELQUERO@EQUIPOTOUCH.COM;RUBENAVENDANO@EQUIPOTOUCH.COM
10074;Ripley;TALCA (R);RANCAGUA TALCA;#Stores B;FRANCISCOJORGE@EQUIPOTOUCH.COM;ALANGORDON@EQUIPOTOUCH.COM
10041;Ripley;LA SERENA (R);LA SERENA-COPIAPO;#Stores B;MANUELQUERO@EQUIPOTOUCH.COM;CLAUDIOROSAS@EQUIPOTOUCH.COM
10032;Ripley;RANCAGUA (R);RANCAGUA TALCA;#Stores B;FRANCISCOJORGE@EQUIPOTOUCH.COM;ALANGORDON@EQUIPOTOUCH.COM
10000;Ripley;HUERFANOS (R);CENTRO;#Stores B;FRANCISCOJORGE@EQUIPOTOUCH.COM;ALANGORDON@EQUIPOTOUCH.COM
10019;Ripley;CRILLON (R);CENTRO;#Stores B;FRANCISCOJORGE@EQUIPOTOUCH.COM;ALANGORDON@EQUIPOTOUCH.COM
10071;Ripley;PLAZA EGANA (R);ORIENTE;#Stores B;FRANCISCOJORGE@EQUIPOTOUCH.COM;CAMILADELGADO@EQUIPOTOUCH.COM
10051;Ripley;MALL CALAMA (R);ANTOFAGASTA - CALAMA;#Stores B;MANUELQUERO@EQUIPOTOUCH.COM;FERNANDOGONZALEZ@EQUIPOTOUCH.COM
10028;Ripley;EL TREBOL (R);CONCEPCION TEMUCO;#Stores A;FRANCISCOJORGE@EQUIPOTOUCH.COM;ITALOCONTRERAS@EQUIPOTOUCH.COM
10078;Ripley;M.COSTANERA P.MONTT (R);CONCEPCION TEMUCO;#Stores B;FRANCISCOJORGE@EQUIPOTOUCH.COM;ITALOCONTRERAS@EQUIPOTOUCH.COM
10009;Ripley;CONCEPCION (R);CONCEPCION TEMUCO;#Stores B;FRANCISCOJORGE@EQUIPOTOUCH.COM;ITALOCONTRERAS@EQUIPOTOUCH.COM
10025;Ripley;VALPARAISO (R);V REGION;#Stores C;MANUELQUERO@EQUIPOTOUCH.COM;GONZALORAMOS@EQUIPOTOUCH.COM
10079;Ripley;LA CALERA (R);V REGION;#Stores B;MANUELQUERO@EQUIPOTOUCH.COM;GONZALORAMOS@EQUIPOTOUCH.COM
10097;Ripley;NUEVA ALAMEDA (R);PONIENTE;#Stores A;MANUELQUERO@EQUIPOTOUCH.COM;RUBENAVENDANO@EQUIPOTOUCH.COM
10010;Ripley;LOS ANDES (R);V REGION;#Stores B;MANUELQUERO@EQUIPOTOUCH.COM;GONZALORAMOS@EQUIPOTOUCH.COM
10099;Ripley;SAN BERNARDO (R);PONIENTE;#Stores B;MANUELQUERO@EQUIPOTOUCH.COM;RUBENAVENDANO@EQUIPOTOUCH.COM
10003;Ripley;VINA (R);V REGION;#Stores B;MANUELQUERO@EQUIPOTOUCH.COM;GONZALORAMOS@EQUIPOTOUCH.COM
10096;Ripley;PUNTA ARENAS (R);CONCEPCION TEMUCO;#Stores B;FRANCISCOJORGE@EQUIPOTOUCH.COM;ITALOCONTRERAS@EQUIPOTOUCH.COM
10002;Ripley;MALL CONCEPCION (R);CONCEPCION TEMUCO;#Stores C;FRANCISCOJORGE@EQUIPOTOUCH.COM;ITALOCONTRERAS@EQUIPOTOUCH.COM
10076;Ripley;CURICO (R);RANCAGUA TALCA;#Stores C;FRANCISCOJORGE@EQUIPOTOUCH.COM;ALANGORDON@EQUIPOTOUCH.COM
10085;Ripley;QUILPUE (R);V REGION;#Stores C;MANUELQUERO@EQUIPOTOUCH.COM;GONZALORAMOS@EQUIPOTOUCH.COM
10049;Ripley;IQUIQUE (R);ANTOFAGASTA - CALAMA;#Stores C;MANUELQUERO@EQUIPOTOUCH.COM;FERNANDOGONZALEZ@EQUIPOTOUCH.COM
10084;Ripley;COPIAPO (R);LA SERENA-COPIAPO;#Stores C;MANUELQUERO@EQUIPOTOUCH.COM;CLAUDIOROSAS@EQUIPOTOUCH.COM
10068;Ripley;PORTAL TEMUCO (R);CONCEPCION TEMUCO;#Stores B;FRANCISCOJORGE@EQUIPOTOUCH.COM;ITALOCONTRERAS@EQUIPOTOUCH.COM
10014;Ripley;PUERTO MONTT (R);CONCEPCION TEMUCO;#Stores C;FRANCISCOJORGE@EQUIPOTOUCH.COM;ITALOCONTRERAS@EQUIPOTOUCH.COM
10004;Ripley;TEMUCO (R);CONCEPCION TEMUCO;#Stores B;FRANCISCOJORGE@EQUIPOTOUCH.COM;ITALOCONTRERAS@EQUIPOTOUCH.COM
10098;Ripley;NUEVA VALDIVIA STORE (R);CONCEPCION TEMUCO;#Stores C;FRANCISCOJORGE@EQUIPOTOUCH.COM;ITALOCONTRERAS@EQUIPOTOUCH.COM
10072;Ripley;LOS ANGELES (R);CONCEPCION TEMUCO;#Stores C;FRANCISCOJORGE@EQUIPOTOUCH.COM;ITALOCONTRERAS@EQUIPOTOUCH.COM
10022;Ripley;CHILLAN (R);CONCEPCION TEMUCO;#Stores C;FRANCISCOJORGE@EQUIPOTOUCH.COM;ITALOCONTRERAS@EQUIPOTOUCH.COM
CL16;SONY STORE;E-COMMERCE (S);INTERNET;#Stores A;;
CL1C;SONY STORE;VESPUCIO (S);PONIENTE;#Stores A;MANUELQUERO@EQUIPOTOUCH.COM;RICARDOMARAMBIO@EQUIPOTOUCH.COM
CLZ1;SONY STORE;OESTE (S);PONIENTE;#Stores B;MANUELQUERO@EQUIPOTOUCH.COM;RUBENAVENDANO@EQUIPOTOUCH.COM
CL1M;SONY STORE;COSTANERA (S);ORIENTE;#Stores A;FRANCISCOJORGE@EQUIPOTOUCH.COM;CAMILADELGADO@EQUIPOTOUCH.COM
CL13;SONY STORE;KENNEDY (S);ORIENTE;#Stores C;FRANCISCOJORGE@EQUIPOTOUCH.COM;CAMILADELGADO@EQUIPOTOUCH.COM
