CODIGO,DEALER,TIENDAS,ZONA,TIPO TIENDA,CORREO INSTRUCTOR,NOMBRE INSTRUCTOR,CORREO SUPERVISOR,NOMBRE SUPERVISOR,CORREO PROMOTOR 1,CORREO PROMOTOR 1
0,CARSA,CARSA AGUAS VERDES,Sin Zona,C,,,,,,
0,CARSA,CARSA ATE,Sin Zona,C,,,,,,
0,CARSA,CARSA AYACUCHO,Sin Zona,B,,,,,,
0,CARSA,CARSA BARRANCA,Sin Zona,C,,,,,,
0,CARSA,CARSA CAJAMARCA,Sin Zona,C,,,,,,
0,CARSA,CARSA CAÑETE,Sin Zona,C,,,,,,
0,CARSA,CARSA CENTRO,Sin Zona,C,,,,,,
0,CARSA,CARSA CERRO DE PASCO,Sin Zona,C,,,,,,
0,CARSA,CARSA CHEPEN,Sin Zona,C,,,,,,
0,CARSA,CARSA CHICLAYO,Zona 6,B,,,,,,
0,CARSA,CARSA CHIMBOTE,Sin Zona,B,,,,,,
0,CARSA,CARSA CHINCHA,Sin Zona,C,,,,,,
0,CARSA,CARSA CHOSICA,Sin Zona,C,,,,,,
0,CARSA,CARSA COMAS,Sin Zona,C,,,,,,
0,CARSA,CARSA CUZCO,Sin Zona,B,,,,,,
0,CARSA,CARSA EDELNOR,Sin Zona,C,,,,,,
0,CARSA,CARSA EDELNOR COMAS,Sin Zona,C,,,,,,
0,CARSA,CARSA EDELNOR MEGA PLAZA,Sin Zona,C,,,,,,
0,CARSA,CARSA EDELNOR MINKA,Sin Zona,C,,,,,,
0,CARSA,CARSA EDELNOR PUENTE PIEDRA,Sin Zona,C,,,,,,
0,CARSA,CARSA EDELNOR SAN JUAN DE LURIGANCHO,Sin Zona,B,,,,,,
0,CARSA,CARSA EDELNOR SAN MIGUEL,Sin Zona,C,,,,,,
0,CARSA,CARSA EL PORVENIR,Sin Zona,C,,,,,,
0,CARSA,CARSA EXPRESS CAMANA,Sin Zona,C,,,,,,
0,CARSA,CARSA HUACHO,Sin Zona,C,,,,,,
0,CARSA,CARSA HUANCAYO II,Sin Zona,C,,,,,,
0,CARSA,CARSA HUÁNUCO,Sin Zona,C,,,,,,
0,CARSA,CARSA HUARAL,Sin Zona,C,,,,,,
0,CARSA,CARSA HUARAZ,Sin Zona,B,,,,,,
0,CARSA,CARSA HUAYCAN,Sin Zona,C,,,,,,
0,CARSA,CARSA ICA,Sin Zona,C,,,,,,
0,CARSA,CARSA ILO,Sin Zona,B,,,,,,
0,CARSA,CARSA IQUITOS,Sin Zona,B,,,,,,
0,CARSA,CARSA IQUITOS 2,Sin Zona,C,,,,,,
0,CARSA,CARSA JAEN,Sin Zona,C,,,,,,
0,CARSA,CARSA JUANJUI,Sin Zona,C,,,,,,
0,CARSA,CARSA JULIACA,Sin Zona,C,,,,,,
0,CARSA,CARSA LA MERCED,Sin Zona,C,,,,,,
0,CARSA,CARSA LURIN,Sin Zona,C,,,,,,
0,CARSA,CARSA MEGA SAN JUAN,Zona 5,B,,,,,,
0,CARSA,CARSA MERCADERES,Zona 5,C,,,,,,
0,CARSA,CARSA MOLLENDO,Sin Zona,C,,,,,,
0,CARSA,CARSA NAZCA,Sin Zona,C,,,,,,
0,CARSA,CARSA PISCO,Sin Zona,C,,,,,,
0,CARSA,CARSA PIURA,Zona 6,C,,,,,,
0,CARSA,CARSA PROCERES 2,Sin Zona,C,,,,,,
0,CARSA,CARSA PUNO,Sin Zona,C,,,,,,
0,CARSA,CARSA SAN JUAN DE DIOS,Sin Zona,C,,,,,,
0,CARSA,CARSA SAN JUAN DE LURIGANCHO,Sin Zona,C,,,,,,
0,CARSA,CARSA SAN JUAN DE MIRAFLORES,Sin Zona,C,,,,,,
0,CARSA,CARSA SAN MARTÍN DE PORRES,Sin Zona,C,,,,,,
0,CARSA,CARSA SULLANA,Sin Zona,C,,,,,,
0,CARSA,CARSA TACNA,Sin Zona,C,,,,,,
0,CARSA,CARSA TALARA,Sin Zona,C,,,,,,
0,CARSA,CARSA TARAPOTO,Sin Zona,B,,,,,,
0,CARSA,CARSA TARMA,Sin Zona,C,,,,,,
0,CARSA,CARSA TINGO MARIA,Sin Zona,C,,,,,,
0,CARSA,CARSA TRUJILLO,Sin Zona,B,,,,,,
0,CARSA,CARSA TRUJILLO II,Sin Zona,C,,,,,,
0,CARSA,CARSA TUMBES,Sin Zona,B,,,,,,
0,CARSA,CARSA VENTANILLA,Zona 1,C,,,,,,
0,CARSA,CARSA VILLA EL SALVADOR,Sin Zona,C,,,,,,
0,CARSA,CARSA VILLA MARÍA DEL TRIUNFO,Sin Zona,C,,,,,,
0,CARSA,CARSA YURIMAGUAS,Sin Zona,C,,,,,,
S053,CENCOSUD,CENCOSUD METRO AMAZONAS,Sin Zona,C,,,,,,
S051,CENCOSUD,CENCOSUD METRO AMERICA,Sin Zona,C,,,,,,
---,CENCOSUD,CENCOSUD METRO ANGELICA GAMARRA,Sin Zona,C,,,,,,
S003,CENCOSUD,CENCOSUD METRO ARAMBURU,Zona 2,C,,,,,,
S033,CENCOSUD,CENCOSUD METRO ARENALES,Zona 2,C,,,,,,
S010,CENCOSUD,CENCOSUD METRO ATOCONGO,Zona 4,B,,,,,,
S037,CENCOSUD,CENCOSUD METRO BALTA,Zona 6,C,,,,,,
S044,CENCOSUD,CENCOSUD METRO BARRANCA,Sin Zona,A,,,,,,
S025,CENCOSUD,CENCOSUD METRO BELLAVISTA,Sin Zona,C,,,,,,
H002,CENCOSUD,CENCOSUD METRO BREÑA,Zona 7,B,,,,,,
SCA1,CENCOSUD,CENCOSUD METRO CAJAMARCA,Zona 6,C,,,,,,
H008,CENCOSUD,CENCOSUD METRO CANADA,Zona 2,B,,,,,,
S062,CENCOSUD,CENCOSUD METRO CERRO COLORADO,Zona 5,B,,,,,,
S047,CENCOSUD,CENCOSUD METRO CHACLACAYO,Zona 7,B,,,,,,
S055,CENCOSUD,CENCOSUD METRO CHIMBOTE,Sin Zona,C,,,,,,
S069,CENCOSUD,CENCOSUD METRO CHINCHA,Sin Zona,C,,,,,,
H001,CENCOSUD,CENCOSUD METRO CHORRILLOS,Zona 4,A,,,,,,
H010,CENCOSUD,CENCOSUD METRO COLONIAL,Sin Zona,B,,,,,,
S046,CENCOSUD,CENCOSUD METRO CUTERVO,Sin Zona,C,,,,,,
S081,CENCOSUD,CENCOSUD METRO EJERCITO,Zona 5,C,,,,,,
S011,CENCOSUD,CENCOSUD METRO EL RETABLO,Zona 1,B,,,,,,
H009,CENCOSUD,CENCOSUD METRO EMANCIPACION,Zona 7,A,,,,,,
S032,CENCOSUD,CENCOSUD METRO FAUCETT,Zona 3,B,,,,,,
SCH4,CENCOSUD,CENCOSUD METRO GRAU,Sin Zona,C,,,,,,
S038,CENCOSUD,CENCOSUD METRO HUAYLAS,Zona 4,B,,,,,,
H013,CENCOSUD,CENCOSUD METRO INDEPENDENCIA,Zona 1,B,,,,,,
H007,CENCOSUD,CENCOSUD METRO INGENIERA,Sin Zona,C,,,,,,
S002,CENCOSUD,CENCOSUD METRO JESUS MARIA,Zona 7,B,,,,,,
S001,CENCOSUD,CENCOSUD METRO LA MOLINA,Zona 2,B,,,,,,
H011,CENCOSUD,CENCOSUD METRO LA PASCANA,Zona 1,A,,,,,,
S093,CENCOSUD,CENCOSUD METRO LAMBRAMANI,Zona 5,B,,,,,,
H003,CENCOSUD,CENCOSUD METRO LIMATAMBO,Zona 4,B,,,,,,
S058,CENCOSUD,CENCOSUD METRO LOS MAESTROS,Sin Zona,C,,,,,,
---,CENCOSUD,CENCOSUD METRO MEXICO,Sin Zona,C,,,,,,
S095,CENCOSUD,CENCOSUD METRO MINKA,Zona 3,C,,,,,,
S029,CENCOSUD,CENCOSUD METRO MIOTTA,Zona 4,B,,,,,,
H016,CENCOSUD,CENCOSUD METRO OVALO PAPAL,Zona 6,B,,,,,,
S005,CENCOSUD,CENCOSUD METRO PERSHING,Zona 7,C,,,,,,
S049,CENCOSUD,CENCOSUD METRO PIURA PLAZA LUNA,Zona 6,B,,,,,,
H014,CENCOSUD,CENCOSUD METRO PLAZA NORTE,Zona 1,A,,,,,,
S028,CENCOSUD,CENCOSUD METRO PROCERES,Zona 7,A,,,,,,
S034,CENCOSUD,CENCOSUD METRO PURUCHUCO,Zona 7,A,,,,,,
---,CENCOSUD,CENCOSUD METRO RAMON CASTILLA,Sin Zona,C,,,,,,
---,CENCOSUD,CENCOSUD METRO SAN ISIDRO,Sin Zona,C,,,,,,
H005,CENCOSUD,CENCOSUD METRO SAN MIGUEL,Zona 3,B,,,,,,
S043,CENCOSUD,CENCOSUD METRO SANTA ELENA,Zona 6,C,,,,,,
H006,CENCOSUD,CENCOSUD METRO SJL,Zona 1,A,,,,,,
S004,CENCOSUD,CENCOSUD METRO SUCRE,Sin Zona,C,,,,,,
---,CENCOSUD,CENCOSUD METRO TRUJILLO PENTA,Sin Zona,C,,,,,,
S014,CENCOSUD,CENCOSUD METRO VENTANILLA,Zona 1,B,,,,,,
T115,CENCOSUD,CENCOSUD WONG ALDAVA,Zona 4,B,,,,,,
T116,CENCOSUD,CENCOSUD WONG ASIA,Sin Zona,C,,,,,,
TH12,CENCOSUD,CENCOSUD WONG ATE,Zona 2,B,,,,,,
T103,CENCOSUD,CENCOSUD WONG AURORA,Zona 4,B,,,,,,
T120,CENCOSUD,CENCOSUD WONG BAJADA BALTA,Zona 4,B,,,,,,
T104,CENCOSUD,CENCOSUD WONG BENAVIDES,Zona 4,B,,,,,,
T111,CENCOSUD,CENCOSUD WONG CAMACHO,Zona 2,B,,,,,,
T106,CENCOSUD,CENCOSUD WONG CHACARILLA,Zona 4,B,,,,,,
T101,CENCOSUD,CENCOSUD WONG DOS DE MAYO,Zona 7,B,,,,,,
T114,CENCOSUD,CENCOSUD WONG LA PLANICIE,Zona 2,B,,,,,,
---,CENCOSUD,CENCOSUD WONG LARCO TRUJILLO,Sin Zona,C,,,,,,
T102,CENCOSUD,CENCOSUD WONG OVALO GUTIERREZ,Zona 7,B,,,,,,
T109,CENCOSUD,CENCOSUD WONG SAN MIGUEL,Zona 3,A,,,,,,
T130,CENCOSUD,CENCOSUD WONG SOL DE LA MOLINA,Zona 2,C,,,,,,
T121,CENCOSUD,CENCOSUD WONG TOMAS MARSANO,Zona 4,B,,,,,,
T107,CENCOSUD,CENCOSUD WONG UCELLO,Zona 2,B,,,,,,
T108,CENCOSUD,CENCOSUD WONG VIÑAS,Zona 2,B,,,,,,
708,CONECTA RETAIL,CURACAO ABANCAY,Sin Zona,C,,,,,,
908,CONECTA RETAIL,CURACAO AGUAS VERDES,Sin Zona,B,,,,,,
506,CONECTA RETAIL,CURACAO ANDAHUAYLAS,Sin Zona,C,,,,,,
895,CONECTA RETAIL,CURACAO AREQUIPA,Zona 5,B,,,,,,
879,CONECTA RETAIL,CURACAO AREQUIPA 3,Zona 5,B,,,,,,
95,CONECTA RETAIL,CURACAO AREQUIPA II,Zona 5,B,,,,,,
916,CONECTA RETAIL,CURACAO ATE,Zona 7,B,,,,,,
928,CONECTA RETAIL,CURACAO ATE II,Zona 7,B,,,,,,
42,CONECTA RETAIL,CURACAO AYACUCHO,Sin Zona,B,,,,,,
565,CONECTA RETAIL,CURACAO BARRANCA,Sin Zona,B,,,,,,
22,CONECTA RETAIL,CURACAO CAJAMARCA I,Zona 6,B,,,,,,
946,CONECTA RETAIL,CURACAO CAJAMARCA II (MEGA),Zona 6,C,,,,,,
889,CONECTA RETAIL,CURACAO CALLAO,Sin Zona,C,,,,,,
951,CONECTA RETAIL,CURACAO CAMANA,Sin Zona,C,,,,,,
57,CONECTA RETAIL,CURACAO CAÑETE,Sin Zona,B,,,,,,
954,CONECTA RETAIL,CURACAO CHACHAPOYAS,Sin Zona,C,,,,,,
935,CONECTA RETAIL,CURACAO CHEPEN,Sin Zona,C,,,,,,
924,CONECTA RETAIL,CURACAO CHICLAYO,Zona 6,A,,,,,,
953,CONECTA RETAIL,CURACAO CHICLAYO III,Zona 6,C,,,,,,
875,CONECTA RETAIL,CURACAO CHICLAYO REAL,Zona 6,B,,,,,,
39,CONECTA RETAIL,CURACAO CHIMBOTE,Zona 6,B,,,,,,
61,CONECTA RETAIL,CURACAO CHINCHA,Sin Zona,B,,,,,,
886,CONECTA RETAIL,CURACAO CHINCHA II,Sin Zona,C,,,,,,
877,CONECTA RETAIL,CURACAO CHORRILLOS,Zona 4,B,,,,,,
588,CONECTA RETAIL,CURACAO CHOSICA,Zona 7,B,,,,,,
213,CONECTA RETAIL,CURACAO CHULUCANAS,Sin Zona,C,,,,,,
562,CONECTA RETAIL,CURACAO COMAS,Zona 1,B,,,,,,
L028,CONECTA RETAIL,CURACAO CUZCO,Sin Zona,A,,,,,,
901,CONECTA RETAIL,CURACAO EL PEDREGAL,Sin Zona,C,,,,,,
958,CONECTA RETAIL,CURACAO FERREÑAFE,Sin Zona,C,,,,,,
873,CONECTA RETAIL,CURACAO GRAU,Sin Zona,B,,,,,,
440,CONECTA RETAIL,CURACAO HUACHO,Sin Zona,B,,,,,,
135,CONECTA RETAIL,CURACAO HUAMACHUCO,Sin Zona,B,,,,,,
909,CONECTA RETAIL,CURACAO HUANCAVELICA,Sin Zona,B,,,,,,
40,CONECTA RETAIL,CURACAO HUANCAYO I,Zona 7,B,,,,,,
941,CONECTA RETAIL,CURACAO HUANCAYO II (MEGA),Zona 7,B,,,,,,
939,CONECTA RETAIL,CURACAO HUANUCO,Sin Zona,B,,,,,,
959,CONECTA RETAIL,CURACAO HUANUCO 2,Sin Zona,B,,,,,,
490,CONECTA RETAIL,CURACAO HUARAL,Sin Zona,B,,,,,,
34,CONECTA RETAIL,CURACAO HUARAZ,Sin Zona,A,,,,,,
60,CONECTA RETAIL,CURACAO ICA,Zona 7,C,,,,,,
874,CONECTA RETAIL,CURACAO ICA II,Zona 7,C,,,,,,
500,CONECTA RETAIL,CURACAO ILO,Sin Zona,C,,,,,,
902,CONECTA RETAIL,CURACAO IQUITOS,Sin Zona,C,,,,,,
---,CONECTA RETAIL,CURACAO IQUITOS II,Sin Zona,C,,,,,,
927,CONECTA RETAIL,CURACAO JAEN,Sin Zona,B,,,,,,
912,CONECTA RETAIL,CURACAO JAVIER PRADO,Zona 2,B,,,,,,
982,CONECTA RETAIL,CURACAO JIRON UNION,Zona 3,B,,,,,,
416,CONECTA RETAIL,CURACAO JUANJUI,Sin Zona,C,,,,,,
110,CONECTA RETAIL,CURACAO JULIACA,Sin Zona,B,,,,,,
76,CONECTA RETAIL,CURACAO LA MERCED,Sin Zona,B,,,,,,
881,CONECTA RETAIL,CURACAO LA UNION,Sin Zona,C,,,,,,
937,CONECTA RETAIL,CURACAO LAMBAYEQUE,Zona 6,C,,,,,,
914,CONECTA RETAIL,CURACAO LOS OLIVOS,Zona 1,B,,,,,,
920,CONECTA RETAIL,CURACAO LURIN,Zona 7,B,,,,,,
918,CONECTA RETAIL,CURACAO MINKA,Zona 3,B,,,,,,
410,CONECTA RETAIL,CURACAO MOYOBAMBA,Sin Zona,B,,,,,,
883,CONECTA RETAIL,CURACAO NAZCA,Sin Zona,C,,,,,,
955,CONECTA RETAIL,CURACAO PACASMAYO,Sin Zona,C,,,,,,
14,CONECTA RETAIL,CURACAO PAITA,Sin Zona,B,,,,,,
956,CONECTA RETAIL,CURACAO PASCO,Sin Zona,B,,,,,,
66,CONECTA RETAIL,CURACAO PISCO,Sin Zona,B,,,,,,
870,CONECTA RETAIL,CURACAO PIURA 2,Zona 6,C,,,,,,
CH03,CONECTA RETAIL,CURACAO PIURA I,Sin Zona,C,,,,,,
98,CONECTA RETAIL,CURACAO PUCALLPA,Sin Zona,B,,,,,,
520,CONECTA RETAIL,CURACAO PUERTO MALDONADO,Sin Zona,B,,,,,,
510,CONECTA RETAIL,CURACAO PUNO,Sin Zona,B,,,,,,
185,CONECTA RETAIL,CURACAO QUILLABAMBA,Sin Zona,B,,,,,,
983,CONECTA RETAIL,CURACAO SALAVERRY,Sin Zona,B,,,,,,
551,CONECTA RETAIL,CURACAO SAN JUAN DE LURIGANCHO,Zona 7,B,,,,,,
530,CONECTA RETAIL,CURACAO SAN JUAN DE MIRAFLORES,Sin Zona,B,,,,,,
891,CONECTA RETAIL,CURACAO SAN MARTIN DE PORRES,Sin Zona,C,,,,,,
944,CONECTA RETAIL,CURACAO SATIPO,Sin Zona,B,,,,,,
13,CONECTA RETAIL,CURACAO SULLANA,Zona 6,B,,,,,,
872,CONECTA RETAIL,CURACAO TACNA,Sin Zona,C,,,,,,
420,CONECTA RETAIL,CURACAO TALARA,Sin Zona,B,,,,,,
960,CONECTA RETAIL,CURACAO TAMBOGRANDE,Sin Zona,B,,,,,,
570,CONECTA RETAIL,CURACAO TARAPOTO,Sin Zona,B,,,,,,
44,CONECTA RETAIL,CURACAO TARMA,Sin Zona,B,,,,,,
952,CONECTA RETAIL,CURACAO TINGO MARIA,Sin Zona,C,,,,,,
961,CONECTA RETAIL,CURACAO TOCACHE,Sin Zona,C,,,,,,
923,CONECTA RETAIL,CURACAO TRUJILLO I,Zona 6,A,,,,,,
132,CONECTA RETAIL,CURACAO TRUJILLO II,Sin Zona,B,,,,,,
11,CONECTA RETAIL,CURACAO TUMBES,Sin Zona,B,,,,,,
620,CONECTA RETAIL,CURACAO VILLA EL SALVADOR,Zona 7,C,,,,,,
898,CONECTA RETAIL,CURACAO VILLA MARIA DEL TRIUNFO,Zona 4,C,,,,,,
948,CONECTA RETAIL,CURACAO VIRU,Sin Zona,C,,,,,,
97,CONECTA RETAIL,CURACAO YURIMAGUAS,Sin Zona,B,,,,,,
708,CONECTA RETAIL,EFE ABANCAY,Sin Zona,C,,,,,,
506,CONECTA RETAIL,EFE ANDAHUAYLAS,Sin Zona,C,,,,,,
80,CONECTA RETAIL,EFE AREQUIPA I,Zona 5,B,,,,,,
95,CONECTA RETAIL,EFE AREQUIPA II,Zona 5,B,,,,,,
92,CONECTA RETAIL,EFE AREQUIPA III,Zona 5,B,,,,,,
700,CONECTA RETAIL,EFE AREQUIPA IV,Zona 5,B,,,,,,
703,CONECTA RETAIL,EFE ATE 2,Zona 7,B,,,,,,
---,CONECTA RETAIL,EFE ATE VITARTE,Sin Zona,C,,,,,,
42,CONECTA RETAIL,EFE AYACUCHO,Sin Zona,B,,,,,,
701,CONECTA RETAIL,EFE BAMBAMARCA,Sin Zona,C,,,,,,
565,CONECTA RETAIL,EFE BARRANCA,Sin Zona,C,,,,,,
529,CONECTA RETAIL,EFE CÁCERES,Zona 7,B,,,,,,
558,CONECTA RETAIL,EFE CAJABAMBA,Sin Zona,C,,,,,,
22,CONECTA RETAIL,EFE CAJAMARCA I,Zona 6,B,,,,,,
430,CONECTA RETAIL,EFE CAJAMARCA II,Sin Zona,C,,,,,,
77,CONECTA RETAIL,EFE CAMANÁ,Sin Zona,C,,,,,,
57,CONECTA RETAIL,EFE CAÑETE,Sin Zona,C,,,,,,
503,CONECTA RETAIL,EFE CARABAYLLO,Zona 1,C,,,,,,
454,CONECTA RETAIL,EFE CASA GRANDE,Sin Zona,C,,,,,,
480,CONECTA RETAIL,EFE CERRO DE PASCO,Sin Zona,B,,,,,,
460,CONECTA RETAIL,EFE CHEPÉN,Sin Zona,C,,,,,,
20,CONECTA RETAIL,EFE CHICLAYO I,Zona 6,B,,,,,,
121,CONECTA RETAIL,EFE CHICLAYO II,Zona 6,C,,,,,,
221,CONECTA RETAIL,EFE CHICLAYO IV,Sin Zona,C,,,,,,
39,CONECTA RETAIL,EFE CHIMBOTE,Zona 6,B,,,,,,
523,CONECTA RETAIL,EFE CHIMBOTE II,Sin Zona,C,,,,,,
61,CONECTA RETAIL,EFE CHINCHA,Sin Zona,C,,,,,,
---,CONECTA RETAIL,EFE CHOCOPE,Sin Zona,C,,,,,,
588,CONECTA RETAIL,EFE CHOSICA,Zona 7,B,,,,,,
213,CONECTA RETAIL,EFE CHULUCANAS,Sin Zona,C,,,,,,
562,CONECTA RETAIL,EFE COMAS,Zona 1,C,,,,,,
58,CONECTA RETAIL,EFE COMAS 2,Sin Zona,B,,,,,,
82,CONECTA RETAIL,EFE CUZCO I,Sin Zona,A,,,,,,
83,CONECTA RETAIL,EFE CUZCO II,Sin Zona,C,,,,,,
709,CONECTA RETAIL,EFE CUZCO III,Sin Zona,C,,,,,,
440,CONECTA RETAIL,EFE HUACHO,Sin Zona,B,,,,,,
135,CONECTA RETAIL,EFE HUAMACHUCO,Sin Zona,B,,,,,,
40,CONECTA RETAIL,EFE HUANCAYO I,Zona 7,A,,,,,,
400,CONECTA RETAIL,EFE HUANCAYO II,Zona 7,B,,,,,,
161,CONECTA RETAIL,EFE HUANTA,Sin Zona,C,,,,,,
49,CONECTA RETAIL,EFE HUÁNUCO,Sin Zona,B,,,,,,
490,CONECTA RETAIL,EFE HUARAL,Sin Zona,B,,,,,,
34,CONECTA RETAIL,EFE HUARAZ,Sin Zona,B,,,,,,
537,CONECTA RETAIL,EFE HUÁSCAR,Zona 7,B,,,,,,
615,CONECTA RETAIL,EFE HUAYCÁN,Zona 7,B,,,,,,
60,CONECTA RETAIL,EFE ICA,Zona 7,B,,,,,,
500,CONECTA RETAIL,EFE ILO,Sin Zona,C,,,,,,
96,CONECTA RETAIL,EFE IQUITOS I,Sin Zona,C,,,,,,
101,CONECTA RETAIL,EFE IQUITOS II,Sin Zona,C,,,,,,
28,CONECTA RETAIL,EFE JAÉN,Sin Zona,C,,,,,,
416,CONECTA RETAIL,EFE JUANJUI,Sin Zona,C,,,,,,
110,CONECTA RETAIL,EFE JULIACA,Sin Zona,B,,,,,,
76,CONECTA RETAIL,EFE LA MERCED,Sin Zona,B,,,,,,
210,CONECTA RETAIL,EFE LA UNIÓN,Sin Zona,C,,,,,,
525,CONECTA RETAIL,EFE LURÍN,Zona 7,B,,,,,,
168,CONECTA RETAIL,EFE MOQUEGUA,Sin Zona,C,,,,,,
0,CONECTA RETAIL,EFE MOSHOQUEQUE,Sin Zona,C,,,,,,
224,CONECTA RETAIL,EFE MOTUPE,Sin Zona,C,,,,,,
410,CONECTA RETAIL,EFE MOYOBAMBA,Sin Zona,C,,,,,,
470,CONECTA RETAIL,EFE NAZCA,Sin Zona,B,,,,,,
508,CONECTA RETAIL,EFE PACHACUTEC,Sin Zona,C,,,,,,
14,CONECTA RETAIL,EFE PAITA,Sin Zona,B,,,,,,
66,CONECTA RETAIL,EFE PISCO,Sin Zona,B,,,,,,
10,CONECTA RETAIL,EFE PIURA,Zona 6,B,,,,,,
556,CONECTA RETAIL,EFE PRO,Zona 1,B,,,,,,
556,CONECTA RETAIL,EFE PROVIVIENDA,Sin Zona,C,,,,,,
98,CONECTA RETAIL,EFE PUCALLPA,Sin Zona,C,,,,,,
512,CONECTA RETAIL,EFE PUENTE PIEDRA,Zona 1,B,,,,,,
520,CONECTA RETAIL,EFE PUERTO MALDONADO,Sin Zona,B,,,,,,
510,CONECTA RETAIL,EFE PUNO,Sin Zona,B,,,,,,
185,CONECTA RETAIL,EFE QUILLABAMBA,Sin Zona,B,,,,,,
551,CONECTA RETAIL,EFE SAN JUAN DE LURIGANCHO,Zona 7,B,,,,,,
530,CONECTA RETAIL,EFE SAN JUAN DE MIRAFLORES,Zona 4,B,,,,,,
603,CONECTA RETAIL,EFE SAN MARTÍN,Zona 1,B,,,,,,
13,CONECTA RETAIL,EFE SULLANA,Zona 6,B,,,,,,
872,CONECTA RETAIL,EFE TACNA,Sin Zona,C,,,,,,
420,CONECTA RETAIL,EFE TALARA,Sin Zona,B,,,,,,
702,CONECTA RETAIL,EFE TAMBOGRANDE PIURA,Sin Zona,C,,,,,,
570,CONECTA RETAIL,EFE TARAPOTO,Sin Zona,B,,,,,,
44,CONECTA RETAIL,EFE TARMA,Sin Zona,B,,,,,,
89,CONECTA RETAIL,EFE TINGO MARÍA,Sin Zona,B,,,,,,
132,CONECTA RETAIL,EFE TRUJILLO 2 SANCHEZ,Sin Zona,B,,,,,,
30,CONECTA RETAIL,EFE TRUJILLO I,Zona 6,A,,,,,,
625,CONECTA RETAIL,EFE TRUJILLO III,Sin Zona,C,,,,,,
11,CONECTA RETAIL,EFE TUMBES,Zona 6,B,,,,,,
581,CONECTA RETAIL,EFE VENTANILLA,Zona 1,A,,,,,,
620,CONECTA RETAIL,EFE VILLA EL SALVADOR,Zona 7,B,,,,,,
180,CONECTA RETAIL,EFE VILLA MARÍA DEL TRIUNFO,Zona 4,B,,,,,,
331,CONECTA RETAIL,EFE VIRÚ,Sin Zona,C,,,,,,
97,CONECTA RETAIL,EFE YURIMAGUAS,Sin Zona,B,,,,,,
610,CONECTA RETAIL,EFE ZÁRATE,Sin Zona,B,,,,,,
I001,CREDIVARGAS,CREDIVARGAS IQUITOS,Sin Zona,C,,,,,,
P001,CREDIVARGAS,CREDIVARGAS PUCALLPA,Sin Zona,B,,,,,,
T001,CREDIVARGAS,CREDIVARGAS TARAPOTO,Sin Zona,C,,,,,,
Y001,CREDIVARGAS,CREDIVARGAS YURIMAGUAS,Sin Zona,C,,,,,,
527803,ELEKTRA,ELEKTRA AREQUIPA LA NEGRITA,Zona 5,B,,,,,,
529629,ELEKTRA,ELEKTRA ATE,Zona 7,B,,,,,,
528012,ELEKTRA,ELEKTRA AYACUCHO,Sin Zona,C,,,,,,
522245,ELEKTRA,ELEKTRA BARRANCA,Sin Zona,B,,,,,,
527919,ELEKTRA,ELEKTRA BREÑA,Sin Zona,C,,,,,,
523826,ELEKTRA,ELEKTRA CAJAMARCA,Sin Zona,C,,,,,,
---,ELEKTRA,ELEKTRA CALLAO,Sin Zona,C,,,,,,
529865,ELEKTRA,ELEKTRA CANTO GRANDE,Sin Zona,B,,,,,,
522243,ELEKTRA,ELEKTRA CAÑETE,Sin Zona,C,,,,,,
528016,ELEKTRA,ELEKTRA CAÑETE IMPERIAL,Sin Zona,C,,,,,,
525992,ELEKTRA,ELEKTRA CARABAYLLO,Sin Zona,C,,,,,,
525990,ELEKTRA,ELEKTRA CASMA,Sin Zona,B,,,,,,
525983,ELEKTRA,ELEKTRA CHEPEN,Sin Zona,C,,,,,,
524281,ELEKTRA,ELEKTRA CHICLAYO BALTA,Zona 6,C,,,,,,
524271,ELEKTRA,ELEKTRA CHICLAYO I,Sin Zona,C,,,,,,
524272,ELEKTRA,ELEKTRA CHIMBOTE,Sin Zona,C,,,,,,
529713,ELEKTRA,ELEKTRA CHINCHA,Sin Zona,B,,,,,,
527841,ELEKTRA,ELEKTRA CHORRILLOS,Sin Zona,B,,,,,,
529836,ELEKTRA,ELEKTRA CHOSICA,Zona 7,C,,,,,,
527802,ELEKTRA,ELEKTRA CHULUCANAS,Sin Zona,C,,,,,,
527883,ELEKTRA,ELEKTRA COMAS,Zona 1,B,,,,,,
524299,ELEKTRA,ELEKTRA CUZCO,Sin Zona,B,,,,,,
529519,ELEKTRA,ELEKTRA EL AGUSTINO,Zona 3,B,,,,,,
524275,ELEKTRA,ELEKTRA GRAU PIURA,Zona 6,B,,,,,,
529467,ELEKTRA,ELEKTRA HUACHO,Sin Zona,B,,,,,,
524280,ELEKTRA,ELEKTRA HUANCAYO,Sin Zona,C,,,,,,
525996,ELEKTRA,ELEKTRA HUANUCO,Sin Zona,B,,,,,,
529470,ELEKTRA,ELEKTRA HUARAL,Sin Zona,B,,,,,,
524285,ELEKTRA,ELEKTRA HUARAZ,Sin Zona,B,,,,,,
524279,ELEKTRA,ELEKTRA HUAYCAN,Sin Zona,B,,,,,,
529580,ELEKTRA,ELEKTRA ICA,Sin Zona,B,,,,,,
528014,ELEKTRA,ELEKTRA ILO,Sin Zona,C,,,,,,
524269,ELEKTRA,ELEKTRA INDEPENDENCIA,Zona 1,B,,,,,,
523825,ELEKTRA,ELEKTRA IQUITOS,Sin Zona,A,,,,,,
524282,ELEKTRA,ELEKTRA JAEN,Sin Zona,B,,,,,,
522248,ELEKTRA,ELEKTRA JOSE GALVEZ,Sin Zona,C,,,,,,
525986,ELEKTRA,ELEKTRA JULIACA,Sin Zona,C,,,,,,
529483,ELEKTRA,ELEKTRA LA MARINA,Sin Zona,B,,,,,,
525988,ELEKTRA,ELEKTRA LA MERCED,Zona 5,C,,,,,,
524283,ELEKTRA,ELEKTRA LAMBAYEQUE,Zona 6,C,,,,,,
529849,ELEKTRA,ELEKTRA LOS OLIVOS,Zona 1,C,,,,,,
522246,ELEKTRA,ELEKTRA LURIN,Zona 7,C,,,,,,
521603,ELEKTRA,ELEKTRA MADRE DE DIOS,Sin Zona,B,,,,,,
527854,ELEKTRA,ELEKTRA MINKA,Zona 3,C,,,,,,
---,ELEKTRA,ELEKTRA MIRAFLORES,Sin Zona,C,,,,,,
525984,ELEKTRA,ELEKTRA PACASMAYO,Sin Zona,C,,,,,,
524264,ELEKTRA,ELEKTRA PISCO,Sin Zona,B,,,,,,
---,ELEKTRA,ELEKTRA PIURA,Sin Zona,C,,,,,,
525985,ELEKTRA,ELEKTRA PRO,Sin Zona,C,,,,,,
524267,ELEKTRA,ELEKTRA PROCERES,Zona 1,B,,,,,,
523823,ELEKTRA,ELEKTRA PUCALLPA,Sin Zona,C,,,,,,
520111,ELEKTRA,ELEKTRA PUENTE PIEDRA,Sin Zona,B,,,,,,
525994,ELEKTRA,ELEKTRA PUNO,Sin Zona,C,,,,,,
527896,ELEKTRA,ELEKTRA SAN JUAN DE LURIGANCHO,Zona 7,B,,,,,,
527867,ELEKTRA,ELEKTRA SAN MARTIN DE PORRAS,Zona 1,B,,,,,,
524268,ELEKTRA,ELEKTRA SANCHEZ CERRO,Sin Zona,C,,,,,,
525260,ELEKTRA,ELEKTRA SANTA ANITA,Sin Zona,C,,,,,,
526498,ELEKTRA,ELEKTRA SINCHI ROCA,Sin Zona,C,,,,,,
524270,ELEKTRA,ELEKTRA SULLANA,Sin Zona,C,,,,,,
522247,ELEKTRA,ELEKTRA SURQUILLO,Zona 4,C,,,,,,
525987,ELEKTRA,ELEKTRA TACNA SAN MARTIN,Sin Zona,C,,,,,,
528013,ELEKTRA,ELEKTRA TACNA SANTA ROSA,Sin Zona,B,,,,,,
524277,ELEKTRA,ELEKTRA TALARA,Sin Zona,B,,,,,,
523824,ELEKTRA,ELEKTRA TARAPOTO,Sin Zona,B,,,,,,
525261,ELEKTRA,ELEKTRA TINGO MARIA,Sin Zona,B,,,,,,
529852,ELEKTRA,ELEKTRA TOMAS VALLE,Sin Zona,C,,,,,,
524265,ELEKTRA,ELEKTRA TRUJILLO AYACUCHO,Sin Zona,B,,,,,,
524276,ELEKTRA,ELEKTRA TRUJILLO EL PORVENIR,Sin Zona,C,,,,,,
524266,ELEKTRA,ELEKTRA TRUJILLO LA ESPERANZA,Sin Zona,C,,,,,,
520109,ELEKTRA,ELEKTRA VENTANILLA,Zona 1,B,,,,,,
522249,ELEKTRA,ELEKTRA VILLA EL SALVADOR,Zona 7,A,,,,,,
527870,ELEKTRA,ELEKTRA VILLA MARIA DEL TRIUNFO,Zona 4,B,,,,,,
0,ESTILOS,ESTILOS CAYMA,Sin Zona,C,,,,,,
0,ESTILOS,ESTILOS CAYMA II,Sin Zona,C,,,,,,
0,ESTILOS,ESTILOS CHINCHA,Sin Zona,B,,,,,,
0,ESTILOS,ESTILOS DECO HOGAR,Zona 5,A,,,,,,
0,ESTILOS,ESTILOS EJERCITO,Zona 5,A,,,,,,
0,ESTILOS,ESTILOS HUACHO,Sin Zona,A,,,,,,
0,ESTILOS,ESTILOS HUANCAYO,Sin Zona,A,,,,,,
0,ESTILOS,ESTILOS ICA,Sin Zona,B,,,,,,
0,ESTILOS,ESTILOS LAMBRAMANI,Zona 5,A,,,,,,
0,ESTILOS,ESTILOS LIMA NORTE,Zona 1,A,,,,,,
0,ESTILOS,ESTILOS MERCADERES,Sin Zona,C,,,,,,
0,ESTILOS,ESTILOS MOLLENDO,Sin Zona,C,,,,,,
0,ESTILOS,ESTILOS MOQUEGUA,Sin Zona,A,,,,,,
0,ESTILOS,ESTILOS MORAN,Sin Zona,C,,,,,,
0,ESTILOS,ESTILOS NICOLAS AYLLON,Sin Zona,C,,,,,,
0,ESTILOS,ESTILOS OUTLET HUACHO,Sin Zona,C,,,,,,
0,ESTILOS,ESTILOS OUTLET HUANCAYO,Sin Zona,C,,,,,,
0,ESTILOS,ESTILOS OUTLET PISCO,Sin Zona,C,,,,,,
0,ESTILOS,ESTILOS OUTLET SANTA INES,Sin Zona,C,,,,,,
0,ESTILOS,ESTILOS PISCO,Sin Zona,A,,,,,,
0,ESTILOS,ESTILOS PIURA,Sin Zona,B,,,,,,
0,ESTILOS,ESTILOS PORONGOCHE,Zona 5,A,,,,,,
0,ESTILOS,ESTILOS RIVERO,Zona 5,B,,,,,,
0,ESTILOS,ESTILOS SANTA INES,Zona 2,B,,,,,,
0,ESTILOS,ESTILOS TRUJILLO,Sin Zona,B,,,,,,
0,ESTILOS,ESTILOS UMACOLLO,Sin Zona,C,,,,,,
0,ESTILOS,ESTILOS VILLA EL SALVADOR,Zona 4,A,,,,,,
ArcLM,ETERNINTY,ETERNINTY ARCADIA,Sin Zona,B,,,,,,
P031,GALLO MAS GALLO,GMG AREQUIPA 2,Zona 5,C,,,,,,
P039,GALLO MAS GALLO,GMG AREQUIPA 3,Sin Zona,C,,,,,,
P001,GALLO MAS GALLO,GMG ATE,Zona 7,C,,,,,,
P044,GALLO MAS GALLO,GMG AYACUCHO,Sin Zona,C,,,,,,
P023,GALLO MAS GALLO,GMG BARRANCA,Sin Zona,C,,,,,,
P009,GALLO MAS GALLO,GMG CANTO GRANDE,Sin Zona,C,,,,,,
P012,GALLO MAS GALLO,GMG CAÑETE,Sin Zona,C,,,,,,
P002,GALLO MAS GALLO,GMG CARABAYLLO,Sin Zona,B,,,,,,
P026,GALLO MAS GALLO,GMG CHEPEN,Sin Zona,C,,,,,,
P027,GALLO MAS GALLO,GMG CHICLAYO,Zona 6,C,,,,,,
P022,GALLO MAS GALLO,GMG CHILCA,Sin Zona,C,,,,,,
P025,GALLO MAS GALLO,GMG CHIMBOTE,Sin Zona,C,,,,,,
P016,GALLO MAS GALLO,GMG CHINCHA,Sin Zona,C,,,,,,
P003,GALLO MAS GALLO,GMG COMAS,Zona 1,B,,,,,,
P024,GALLO MAS GALLO,GMG CUSCO,Sin Zona,C,,,,,,
P036,GALLO MAS GALLO,GMG HUACHO,Sin Zona,C,,,,,,
P047,GALLO MAS GALLO,GMG HUANUCO,Sin Zona,C,,,,,,
P015,GALLO MAS GALLO,GMG HUARAL,Sin Zona,C,,,,,,
P004,GALLO MAS GALLO,GMG HUAYCAN,Sin Zona,C,,,,,,
P021,GALLO MAS GALLO,GMG ICA,Sin Zona,C,,,,,,
P040,GALLO MAS GALLO,GMG JAÉN,Sin Zona,C,,,,,,
P043,GALLO MAS GALLO,GMG LA JOYA-AREQUIPA,Sin Zona,C,,,,,,
P042,GALLO MAS GALLO,GMG LAMBAYEQUE,Sin Zona,C,,,,,,
P029,GALLO MAS GALLO,GMG LURIN,Zona 7,B,,,,,,
P041,GALLO MAS GALLO,GMG MANCORA,Sin Zona,C,,,,,,
P008,GALLO MAS GALLO,GMG MINKA,Zona 3,B,,,,,,
P038,GALLO MAS GALLO,GMG NAZCA,Sin Zona,C,,,,,,
P030,GALLO MAS GALLO,GMG PEDREGAL,Sin Zona,C,,,,,,
P017,GALLO MAS GALLO,GMG PISCO,Sin Zona,C,,,,,,
P020,GALLO MAS GALLO,GMG PUENTE PIEDRA,Zona 1,B,,,,,,
P019,GALLO MAS GALLO,GMG PUNO,Sin Zona,B,,,,,,
P037,GALLO MAS GALLO,GMG QUILLABAMBA,Sin Zona,C,,,,,,
P006,GALLO MAS GALLO,GMG SJL,Zona 1,C,,,,,,
P011,GALLO MAS GALLO,GMG SJM,Zona 4,B,,,,,,
P032,GALLO MAS GALLO,GMG SULLANA,Sin Zona,C,,,,,,
P045,GALLO MAS GALLO,GMG TACNA,Sin Zona,C,,,,,,
P034,GALLO MAS GALLO,GMG TALARA,Sin Zona,C,,,,,,
P028,GALLO MAS GALLO,GMG TRUJILLO - CERCADO,Sin Zona,B,,,,,,
P018,GALLO MAS GALLO,GMG TRUJILLO - PORVENIR,Sin Zona,B,,,,,,
P035,GALLO MAS GALLO,GMG TUMBES,Sin Zona,C,,,,,,
P033,GALLO MAS GALLO,GMG UNIÓN,Sin Zona,C,,,,,,
P046,GALLO MAS GALLO,GMG URUBAMBA,Sin Zona,C,,,,,,
P007,GALLO MAS GALLO,GMG VENTANILLA,Zona 1,C,,,,,,
P014,GALLO MAS GALLO,GMG VES,Zona 4,C,,,,,,
P005,GALLO MAS GALLO,GMG VMT(ALLENDE),Zona 4,C,,,,,,
P010,GALLO MAS GALLO,GMG VMT(PESQUERO),Zona 4,C,,,,,,
P013,GALLO MAS GALLO,GMG ZARATE,Sin Zona,B,,,,,,
0,HIRAOKA,HIRAOKA LIMA CERCADO DE LIMA,Zona 3,A,,,,,,
0,HIRAOKA,HIRAOKA LIMA INDEPENDENCIA,Zona 1,A,,,,,,
0,HIRAOKA,HIRAOKA LIMA MIRAFLORES,Zona 4,A,,,,,,
0,HIRAOKA,HIRAOKA LIMA SAN MIGUEL,Zona 3,A,,,,,,
0,MARCIMEX,MARCIMEX ABANCAY,Sin Zona,C,,,,,,
0,MARCIMEX,MARCIMEX AREQUIPA II,Zona 5,C,,,,,,
0,MARCIMEX,MARCIMEX AYACUCHO,Sin Zona,C,,,,,,
0,MARCIMEX,MARCIMEX BARRANCA,Sin Zona,C,,,,,,
0,MARCIMEX,MARCIMEX BODEGA - PAITA,Sin Zona,C,,,,,,
0,MARCIMEX,MARCIMEX BODEGA TRUJILLO,Sin Zona,C,,,,,,
0,MARCIMEX,MARCIMEX BODEGA-AREQUIPA,Sin Zona,C,,,,,,
0,MARCIMEX,MARCIMEX BODEGA-CHICLAYO,Sin Zona,C,,,,,,
0,MARCIMEX,MARCIMEX BODEGA-TUMBES,Sin Zona,C,,,,,,
0,MARCIMEX,MARCIMEX CAJAMARCA,Sin Zona,C,,,,,,
0,MARCIMEX,MARCIMEX CAÑETE,Sin Zona,C,,,,,,
0,MARCIMEX,MARCIMEX CARAZ,Sin Zona,C,,,,,,
0,MARCIMEX,MARCIMEX CASAGRANDE,Sin Zona,C,,,,,,
0,MARCIMEX,MARCIMEX CASMA,Sin Zona,C,,,,,,
0,MARCIMEX,MARCIMEX CAYALTI,Sin Zona,C,,,,,,
0,MARCIMEX,MARCIMEX CHACHAPOYAS,Sin Zona,C,,,,,,
0,MARCIMEX,MARCIMEX CHEPEN,Sin Zona,C,,,,,,
0,MARCIMEX,MARCIMEX CHICLAYO,Sin Zona,C,,,,,,
0,MARCIMEX,MARCIMEX CHICLAYO II,Zona 6,C,,,,,,
0,MARCIMEX,MARCIMEX CHIMBOTE 2,Sin Zona,C,,,,,,
0,MARCIMEX,MARCIMEX CHINCHA,Sin Zona,C,,,,,,
0,MARCIMEX,MARCIMEX CHULUCANAS,Sin Zona,C,,,,,,
0,MARCIMEX,MARCIMEX HUACHO,Sin Zona,C,,,,,,
0,MARCIMEX,MARCIMEX HUAMACHUCO,Sin Zona,C,,,,,,
0,MARCIMEX,MARCIMEX HUANCAYO 3,Sin Zona,C,,,,,,
0,MARCIMEX,MARCIMEX HUANUCO,Sin Zona,C,,,,,,
0,MARCIMEX,MARCIMEX HUARAL,Sin Zona,C,,,,,,
0,MARCIMEX,MARCIMEX ICA,Sin Zona,C,,,,,,
0,MARCIMEX,MARCIMEX ILO,Sin Zona,C,,,,,,
0,MARCIMEX,MARCIMEX IQUITOS,Sin Zona,C,,,,,,
0,MARCIMEX,MARCIMEX JAEN,Sin Zona,C,,,,,,
0,MARCIMEX,MARCIMEX JUANJUI,Sin Zona,C,,,,,,
0,MARCIMEX,MARCIMEX JULIACA,Sin Zona,C,,,,,,
0,MARCIMEX,MARCIMEX LA MERCED,Sin Zona,C,,,,,,
0,MARCIMEX,MARCIMEX LA UNION,Sin Zona,C,,,,,,
0,MARCIMEX,MARCIMEX LAMBAYEQUE,Sin Zona,C,,,,,,
0,MARCIMEX,MARCIMEX MALA,Sin Zona,C,,,,,,
0,MARCIMEX,MARCIMEX MANCORA,Sin Zona,C,,,,,,
0,MARCIMEX,MARCIMEX MAYOREO ARENALES,Sin Zona,C,,,,,,
0,MARCIMEX,MARCIMEX MOYOBAMBA,Sin Zona,C,,,,,,
0,MARCIMEX,MARCIMEX NAZCA,Sin Zona,C,,,,,,
0,MARCIMEX,MARCIMEX NUEVO CHIMBOTE,Sin Zona,C,,,,,,
0,MARCIMEX,MARCIMEX OLMOS,Sin Zona,C,,,,,,
0,MARCIMEX,MARCIMEX OTUZCO,Sin Zona,C,,,,,,
0,MARCIMEX,MARCIMEX PACASMAYO,Sin Zona,C,,,,,,
0,MARCIMEX,MARCIMEX PAITA,Sin Zona,C,,,,,,
0,MARCIMEX,MARCIMEX PARCONA,Sin Zona,C,,,,,,
0,MARCIMEX,MARCIMEX PISCO,Sin Zona,C,,,,,,
0,MARCIMEX,MARCIMEX PIURA,Sin Zona,C,,,,,,
0,MARCIMEX,MARCIMEX PIURA2,Sin Zona,C,,,,,,
0,MARCIMEX,MARCIMEX PUCALLPA,Sin Zona,C,,,,,,
0,MARCIMEX,MARCIMEX QUILLABAMBA,Sin Zona,C,,,,,,
0,MARCIMEX,MARCIMEX SECHURA,Sin Zona,C,,,,,,
0,MARCIMEX,MARCIMEX SULLANA,Sin Zona,C,,,,,,
0,MARCIMEX,MARCIMEX TACNA,Sin Zona,C,,,,,,
0,MARCIMEX,MARCIMEX TALARA,Sin Zona,C,,,,,,
0,MARCIMEX,MARCIMEX TAMBO GRANDE,Sin Zona,C,,,,,,
0,MARCIMEX,MARCIMEX TARAPOTO,Sin Zona,C,,,,,,
0,MARCIMEX,MARCIMEX TINGO MARIA,Sin Zona,C,,,,,,
0,MARCIMEX,MARCIMEX TOCACHE,Sin Zona,C,,,,,,
0,MARCIMEX,MARCIMEX TRUJILLO I,Sin Zona,C,,,,,,
0,MARCIMEX,MARCIMEX TRUJILLO III,Sin Zona,C,,,,,,
0,MARCIMEX,MARCIMEX TUMBES,Sin Zona,C,,,,,,
0,MARCIMEX,MARCIMEX VIRU,Sin Zona,C,,,,,,
0,MARCIMEX,MARCIMEX YURIMAGUAS,Sin Zona,C,,,,,,
0,MAS GAMERS,MAS GAMERS STORE ARENALES,Zona 2,B,,,,,,
,NEXTLEVEL,NEXT LEVEL BELLAVISTA,Zona 3,C,,,,,,
,NEXTLEVEL,NEXT LEVEL JOCKEY PLAZA,Zona 2,C,,,,,,
,NEXTLEVEL,NEXT LEVEL MEGAPLAZA,Zona 1,C,,,,,,
,NEXTLEVEL,NEXT LEVEL PLAZA SAN MIGUEL,Zona 3,C,,,,,,
,NEXTLEVEL,NEXT LEVEL PRIMAVERA,Zona 4,C,,,,,,
105,OECHSLE,OECHSLE AREQUIPA,Zona 5,B,,,,,,
114,OECHSLE,OECHSLE BARRANCA,Sin Zona,B,,,,,,
120,OECHSLE,OECHSLE CAJAMARCA,Zona 6,B,,,,,,
205,OECHSLE,OECHSLE CARPA SANTA CLARA,Sin Zona,C,,,,,,
103,OECHSLE,OECHSLE CENTRO CIVICO,Zona 3,A,,,,,,
119,OECHSLE,OECHSLE CHICLAYO,Zona 6,A,,,,,,
117,OECHSLE,OECHSLE CUSCO,Zona 7,A,,,,,,
101,OECHSLE,OECHSLE HUANCAYO,Zona 7,A,,,,,,
129,OECHSLE,OECHSLE HUANUCO,Sin Zona,B,,,,,,
104,OECHSLE,OECHSLE ICA,Zona 7,B,,,,,,
107,OECHSLE,OECHSLE JIRON DE LA UNION,Zona 3,B,,,,,,
118,OECHSLE,OECHSLE JOCKEY PLAZA,Zona 2,A,,,,,,
110,OECHSLE,OECHSLE JULIACA,Sin Zona,B,,,,,,
128,OECHSLE,OECHSLE LA CURVA,Sin Zona,C,,,,,,
111,OECHSLE,OECHSLE LA RAMBLA,Zona 2,B,,,,,,
126,OECHSLE,OECHSLE MALL DEL SUR,Zona 4,A,,,,,,
113,OECHSLE,OECHSLE PIURA,Zona 6,B,,,,,,
109,OECHSLE,OECHSLE PLAZA LIMA NORTE,Zona 1,A,,,,,,
108,OECHSLE,OECHSLE PRIMAVERA,Zona 4,B,,,,,,
125,OECHSLE,OECHSLE PUCALLPA,Sin Zona,B,,,,,,
121,OECHSLE,OECHSLE SALAVERRY,Zona 3,B,,,,,,
102,OECHSLE,OECHSLE TRUJILLO,Zona 6,A,,,,,,
P183,PARIS,PARIS AQP CERRO COLORADO,Zona 5,A,,,,,,
P199,PARIS,PARIS AQP LAMBRAMANI,Zona 5,A,,,,,,
P262,PARIS,PARIS BELLAVISTA,Zona 3,A,,,,,,
P254,PARIS,PARIS BRASIL,Zona 7,A,,,,,,
P132,PARIS,PARIS CAJAMARCA,Zona 6,A,,,,,,
P216,PARIS,PARIS ICA,Zona 7,A,,,,,,
P264,PARIS,PARIS JOCKEY PLAZA,Zona 2,A,,,,,,
P162,PARIS,PARIS LIMA NORTE,Zona 1,A,,,,,,
P257,PARIS,PARIS MEGAPLAZA,Zona 1,A,,,,,,
P263,PARIS,PARIS TRUJILLO,Zona 6,A,,,,,,
---,PHANTOM,PHANTOM ANGAMOS,Zona 4,A,,,,,,
---,PHANTOM,PHANTOM CHACARILLA,Zona 4,A,,,,,,
---,PHANTOM,PHANTOM CHICLAYO,Zona 6,A,,,,,,
---,PHANTOM,PHANTOM CUSCO,Zona 7,A,,,,,,
---,PHANTOM,PHANTOM JOCKEY PLAZA,Zona 2,A,,,,,,
---,PHANTOM,PHANTOM LAMBRAMANI,Zona 5,A,,,,,,
---,PHANTOM,PHANTOM LARCO,Zona 4,A,,,,,,
---,PHANTOM,PHANTOM LARCOMAR,Zona 4,A,,,,,,
---,PHANTOM,PHANTOM MALL DEL SUR,Zona 4,A,,,,,,
---,PHANTOM,PHANTOM MEGAPLAZA,Zona 1,A,,,,,,
---,PHANTOM,PHANTOM PIURA,Zona 6,A,,,,,,
---,PHANTOM,PHANTOM PLAZA LIMA NORTE,Zona 1,A,,,,,,
---,PHANTOM,PHANTOM PORONGOCHE,Zona 5,A,,,,,,
---,PHANTOM,PHANTOM SALAVERRY,Zona 3,A,,,,,,
---,PHANTOM,PHANTOM SAN BORJA,Zona 2,A,,,,,,
---,PHANTOM,PHANTOM SAN MIGUEL,Zona 3,A,,,,,,
---,PHANTOM,PHANTOM SANTA ANITA,Zona 2,A,,,,,,
---,PHANTOM,PHANTOM TRUJILLO,Zona 6,A,,,,,,
P159,PLAZA VEA,PLAZA VEA ACHO,Sin Zona,C,,,,,,
P118,PLAZA VEA,PLAZA VEA ALFONSO UGARTE,Sin Zona,C,,,,,,
P104,PLAZA VEA,PLAZA VEA AREQUIPA,Zona 5,B,,,,,,
---,PLAZA VEA,PLAZA VEA AREQUIPA II,Sin Zona,C,,,,,,
P066,PLAZA VEA,PLAZA VEA ATE,Zona 2,B,,,,,,
P221,PLAZA VEA,PLAZA VEA BARRANCA,Sin Zona,B,,,,,,
P080,PLAZA VEA,PLAZA VEA BOLICHERA,Zona 4,B,,,,,,
P052,PLAZA VEA,PLAZA VEA BRASIL,Zona 3,B,,,,,,
---,PLAZA VEA,PLAZA VEA BRASIL 2,Sin Zona,C,,,,,,
P224,PLAZA VEA,PLAZA VEA BREÑA,Sin Zona,C,,,,,,
P225,PLAZA VEA,PLAZA VEA CAJAMARCA,Zona 6,B,,,,,,
P059,PLAZA VEA,PLAZA VEA CALLAO,Sin Zona,C,,,,,,
P134,PLAZA VEA,PLAZA VEA CENTRO CIVICO,Zona 3,B,,,,,,
P112,PLAZA VEA,PLAZA VEA CERES,Zona 7,C,,,,,,
P102,PLAZA VEA,PLAZA VEA CHICLAYO,Zona 6,B,,,,,,
P130,PLAZA VEA,PLAZA VEA CHIMBOTE,Sin Zona,B,,,,,,
P142,PLAZA VEA,PLAZA VEA CHINCHA,Sin Zona,B,,,,,,
P141,PLAZA VEA,PLAZA VEA CHOSICA,Sin Zona,B,,,,,,
P135,PLAZA VEA,PLAZA VEA COLONIAL,Sin Zona,C,,,,,,
P084,PLAZA VEA,PLAZA VEA COMAS,Zona 1,B,,,,,,
P061,PLAZA VEA,PLAZA VEA CORTIJO,Sin Zona,B,,,,,,
P223,PLAZA VEA,PLAZA VEA CUSCO ARZOBISPO,Sin Zona,B,,,,,,
P235,PLAZA VEA,PLAZA VEA CUSCO SJERONIMO,Sin Zona,C,,,,,,
P261,PLAZA VEA,PLAZA VEA EL AGUSTINO,Sin Zona,C,,,,,,
P123,PLAZA VEA,PLAZA VEA EL CHACARERO,Sin Zona,C,,,,,,
P132,PLAZA VEA,PLAZA VEA EL EJERCITO,Sin Zona,C,,,,,,
P238,PLAZA VEA,PLAZA VEA GRIFO MEXICO,Sin Zona,C,,,,,,
P133,PLAZA VEA,PLAZA VEA GUARDIA CIVIL,Zona 4,B,,,,,,
P048,PLAZA VEA,PLAZA VEA HIGUERETA,Zona 4,B,,,,,,
P144,PLAZA VEA,PLAZA VEA HUACHO,Sin Zona,B,,,,,,
P115,PLAZA VEA,PLAZA VEA HUANCAYO,Sin Zona,A,,,,,,
P197,PLAZA VEA,PLAZA VEA HUANUCO,Sin Zona,B,,,,,,
P201,PLAZA VEA,PLAZA VEA HUARAL,Sin Zona,B,,,,,,
P122,PLAZA VEA,PLAZA VEA ICA,Sin Zona,C,,,,,,
P117,PLAZA VEA,PLAZA VEA IZAGUIRRE,Zona 1,B,,,,,,
P260,PLAZA VEA,PLAZA VEA JAEN,Sin Zona,B,,,,,,
P037,PLAZA VEA,PLAZA VEA JOCKEY PLAZA,Zona 2,B,,,,,,
P147,PLAZA VEA,PLAZA VEA JULIACA,Sin Zona,B,,,,,,
P291,PLAZA VEA,PLAZA VEA LA CURVA,Sin Zona,B,,,,,,
P081,PLAZA VEA,PLAZA VEA LA MOLINA,Zona 2,B,,,,,,
P333,PLAZA VEA,PLAZA VEA LA PLACITA,Sin Zona,C,,,,,,
P001,PLAZA VEA,PLAZA VEA LOS OLIVOS,Zona 1,C,,,,,,
P202,PLAZA VEA,PLAZA VEA LURIN,Sin Zona,B,,,,,,
P064,PLAZA VEA,PLAZA VEA MIRAFLORES,Zona 4,B,,,,,,
P259,PLAZA VEA,PLAZA VEA MOQUEGUA,Sin Zona,B,,,,,,
P143,PLAZA VEA,PLAZA VEA NUEVO CHIMBOTE,Sin Zona,C,,,,,,
P226,PLAZA VEA,PLAZA VEA PAITA,Sin Zona,C,,,,,,
P236,PLAZA VEA,PLAZA VEA PISCO,Sin Zona,C,,,,,,
P145,PLAZA VEA,PLAZA VEA PIURA,Sin Zona,B,,,,,,
P068,PLAZA VEA,PLAZA VEA PRIMAVERA,Zona 4,C,,,,,,
P114,PLAZA VEA,PLAZA VEA PRO,Zona 1,B,,,,,,
P228,PLAZA VEA,PLAZA VEA PUCALLPA,Sin Zona,C,,,,,,
P119,PLAZA VEA,PLAZA VEA PUENTE PIEDRA,Zona 1,B,,,,,,
P172,PLAZA VEA,PLAZA VEA PUNO,Sin Zona,B,,,,,,
P203,PLAZA VEA,PLAZA VEA RIMAC,Sin Zona,B,,,,,,
P089,PLAZA VEA,PLAZA VEA RISSO,Zona 2,C,,,,,,
P229,PLAZA VEA,PLAZA VEA SALAVERRY,Zona 3,B,,,,,,
P195,PLAZA VEA,PLAZA VEA SAN BORJA,Zona 2,B,,,,,,
P227,PLAZA VEA,PLAZA VEA SAN ISIDRO,Zona 2,C,,,,,,
P096,PLAZA VEA,PLAZA VEA SAN JORGE,Sin Zona,C,,,,,,
P126,PLAZA VEA,PLAZA VEA SANTA CLARA,Sin Zona,B,,,,,,
P125,PLAZA VEA,PLAZA VEA SJ LURIGANCHO,Zona 1,B,,,,,,
P192,PLAZA VEA,PLAZA VEA SULLANA,Sin Zona,C,,,,,,
P222,PLAZA VEA,PLAZA VEA SULLANA MALL,Sin Zona,B,,,,,,
---,PLAZA VEA,PLAZA VEA SUPER MULTIPLAZA,Sin Zona,C,,,,,,
P146,PLAZA VEA,PLAZA VEA TACNA,Sin Zona,B,,,,,,
P177,PLAZA VEA,PLAZA VEA TALARA,Sin Zona,B,,,,,,
P262,PLAZA VEA,PLAZA VEA TALARA MALL,Sin Zona,C,,,,,,
P075,PLAZA VEA,PLAZA VEA TRUJILLO I,Sin Zona,A,,,,,,
P120,PLAZA VEA,PLAZA VEA UNIVERSITARIA,Zona 1,B,,,,,,
P106,PLAZA VEA,PLAZA VEA VALLE HERMOSO,Sin Zona,C,,,,,,
P231,PLAZA VEA,PLAZA VEA VENTANILLA,Zona 1,B,,,,,,
P124,PLAZA VEA,PLAZA VEA ZARATE,Zona 1,C,,,,,,
20062,RIPLEY,RIPLEY AREQUIPA,Zona 5,A,,,,,,
20022,RIPLEY,RIPLEY ASIA,Sin Zona,C,,,,,,
20048,RIPLEY,RIPLEY BREÑA,Zona 7,B,,,,,,
20078,RIPLEY,RIPLEY CAJAMARCA,Zona 6,A,,,,,,
20043,RIPLEY,RIPLEY CALLAO,Zona 3,A,,,,,,
20009,RIPLEY,RIPLEY CARPA MAX COMAS,Zona 1,B,,,,,,
29004,RIPLEY,RIPLEY CASA REMATE,Sin Zona,C,,,,,,
20049,RIPLEY,RIPLEY CAYMA,Sin Zona,A,,,,,,
20041,RIPLEY,RIPLEY CHICLAYO,Zona 6,A,,,,,,
20069,RIPLEY,RIPLEY CHIMBOTE,Sin Zona,A,,,,,,
20021,RIPLEY,RIPLEY CHORRILLOS,Zona 4,A,,,,,,
20013,RIPLEY,RIPLEY ESTACIÓN R CHINCHA,Sin Zona,C,,,,,,
20016,RIPLEY,RIPLEY ESTACION R TRUJILLO,Sin Zona,C,,,,,,
20008,RIPLEY,RIPLEY EXPO SAN JUAN,Zona 1,A,,,,,,
20072,RIPLEY,RIPLEY HUANCAYO,Zona 7,A,,,,,,
20080,RIPLEY,RIPLEY ICA,Zona 7,B,,,,,,
20071,RIPLEY,RIPLEY JIRON DE LA UNION,Sin Zona,C,,,,,,
20025,RIPLEY,RIPLEY JOCKEY PLAZA,Zona 2,A,,,,,,
20047,RIPLEY,RIPLEY JULIACA,Sin Zona,A,,,,,,
20074,RIPLEY,RIPLEY LA RAMBLA,Zona 2,A,,,,,,
20024,RIPLEY,RIPLEY LOS OLIVOS,Zona 1,A,,,,,,
20058,RIPLEY,RIPLEY MALL DEL SUR,Zona 4,A,,,,,,
20019,RIPLEY,RIPLEY MINKA,Zona 3,B,,,,,,
20030,RIPLEY,RIPLEY MIRAFLORES,Zona 4,A,,,,,,
20064,RIPLEY,RIPLEY PIURA,Zona 6,A,,,,,,
20077,RIPLEY,RIPLEY PIURA II,Zona 6,A,,,,,,
20066,RIPLEY,RIPLEY PLAZA LIMA NORTE,Zona 1,A,,,,,,
20023,RIPLEY,RIPLEY PRIMAVERA,Zona 4,A,,,,,,
20055,RIPLEY,RIPLEY PUCALLPA,Sin Zona,A,,,,,,
20086,RIPLEY,RIPLEY PUCALLPA I,Sin Zona,B,,,,,,
20079,RIPLEY,RIPLEY SALAVERRY,Zona 3,A,,,,,,
20027,RIPLEY,RIPLEY SAN ISIDRO,Zona 2,A,,,,,,
20028,RIPLEY,RIPLEY SAN MIGUEL,Zona 3,A,,,,,,
20073,RIPLEY,RIPLEY SANTA ANITA,Zona 2,A,,,,,,
20040,RIPLEY,RIPLEY TRUJILLO,Zona 6,A,,,,,,
207,SAGA,SAGA ANGAMOS,Zona 4,A,,,,,,
304,SAGA,SAGA AREQUIPA,Zona 5,A,,,,,,
206,SAGA,SAGA ATOCONGO,Zona 4,A,,,,,,
205,SAGA,SAGA BELLAVISTA,Zona 3,A,,,,,,
322,SAGA,SAGA CAJAMARCA,Zona 6,A,,,,,,
421,SAGA,SAGA CAÑETE,Sin Zona,B,,,,,,
211,SAGA,SAGA CENTRO CIVICO,Zona 3,A,,,,,,
307,SAGA,SAGA CHICLAYO MALL,Zona 6,A,,,,,,
309,SAGA,SAGA CHIMBOTE,Zona 6,A,,,,,,
324,SAGA,SAGA HUANCAYO,Zona 7,A,,,,,,
420,SAGA,SAGA HUANUCO,Sin Zona,A,,,,,,
323,SAGA,SAGA ICA MALL,Sin Zona,A,,,,,,
418,SAGA,SAGA IQUITOS,Sin Zona,A,,,,,,
102,SAGA,SAGA JOCKEY PLAZA,Zona 2,A,,,,,,
203,SAGA,SAGA LA MERCED,Zona 3,A,,,,,,
201,SAGA,SAGA LIMA,Zona 3,C,,,,,,
209,SAGA,SAGA LIMA NORTE,Zona 1,A,,,,,,
212,SAGA,SAGA MALL DEL SUR,Zona 4,A,,,,,,
204,SAGA,SAGA MEGA PLAZA,Zona 1,A,,,,,,
106,SAGA,SAGA MIRAFLORES,Zona 4,A,,,,,,
303,SAGA,SAGA PIURA,Zona 6,A,,,,,,
320,SAGA,SAGA PIURA MALL,Zona 6,A,,,,,,
321,SAGA,SAGA PORONGOCHE,Zona 5,A,,,,,,
419,SAGA,SAGA PUCALLPA,Sin Zona,A,,,,,,
210,SAGA,SAGA SALAVERRY,Zona 3,A,,,,,,
101,SAGA,SAGA SAN ISIDRO,Zona 2,A,,,,,,
202,SAGA,SAGA SAN MIGUEL,Zona 3,A,,,,,,
208,SAGA,SAGA SANTA ANITA,Zona 2,A,,,,,,
312,SAGA,SAGA TRUJILLO MALL,Zona 6,A,,,,,,
0,SONY STORE,SONY CENTER LIMA CHACARILLA,Zona 4,A,,,,,,
0,SONY STORE,SONY CENTER LIMA JOCKEY PLAZA,Zona 2,A,,,,,,
123,TOTTUS,TOTTUS ANGAMOS,Zona 4,B,,,,,,
316,TOTTUS,TOTTUS AREQUIPA,Zona 5,A,,,,,,
107,TOTTUS,TOTTUS ATOCONGO,Zona 4,A,,,,,,
157,TOTTUS,TOTTUS AVENIDA CENTRAL,Sin Zona,C,,,,,,
118,TOTTUS,TOTTUS BELLAVISTA,Zona 3,B,,,,,,
358,TOTTUS,TOTTUS CAJAMARCA,Sin Zona,B,,,,,,
117,TOTTUS,TOTTUS CANTA CALLAO,Zona 1,B,,,,,,
337,TOTTUS,TOTTUS CAÑETE,Sin Zona,B,,,,,,
317,TOTTUS,TOTTUS CAYMA,Sin Zona,B,,,,,,
356,TOTTUS,TOTTUS CHEPEN,Sin Zona,B,,,,,,
339,TOTTUS,TOTTUS CHICLAYO LEGUIA,Sin Zona,C,,,,,,
310,TOTTUS,TOTTUS CHICLAYO OPEN,Zona 6,A,,,,,,
336,TOTTUS,TOTTUS CHICLAYO SAN JOSE,Sin Zona,C,,,,,,
335,TOTTUS,TOTTUS CHIMBOTE,Sin Zona,C,,,,,,
332,TOTTUS,TOTTUS CHINCHA,Sin Zona,B,,,,,,
357,TOTTUS,TOTTUS CUSCO,Sin Zona,C,,,,,,
372,TOTTUS,TOTTUS HUACHO,Sin Zona,C,,,,,,
375,TOTTUS,TOTTUS HUANCAYO,Sin Zona,A,,,,,,
451,TOTTUS,TOTTUS HUANUCO,Sin Zona,C,,,,,,
359,TOTTUS,TOTTUS HUARAL,Sin Zona,B,,,,,,
110,TOTTUS,TOTTUS HUAYLAS,Zona 4,B,,,,,,
313,TOTTUS,TOTTUS ICA,Sin Zona,B,,,,,,
124,TOTTUS,TOTTUS JOCKEY PLAZA,Zona 2,A,,,,,,
105,TOTTUS,TOTTUS LA MARINA,Zona 3,A,,,,,,
---,TOTTUS,TOTTUS LA MOLINA,Sin Zona,C,,,,,,
115,TOTTUS,TOTTUS LA POLVORA,Sin Zona,B,,,,,,
104,TOTTUS,TOTTUS LAS BEGONIAS,Zona 2,C,,,,,,
116,TOTTUS,TOTTUS LIMA CENTRO,Zona 3,C,,,,,,
156,TOTTUS,TOTTUS LOS OLIVOS,Sin Zona,B,,,,,,
175,TOTTUS,TOTTUS MALL DEL SUR,Zona 4,A,,,,,,
103,TOTTUS,TOTTUS MEGA PLAZA,Zona 1,A,,,,,,
179,TOTTUS,TOTTUS MEGA PLAZA VILLA EL SALVADOR,Zona 4,C,,,,,,
352,TOTTUS,TOTTUS PACASMAYO,Sin Zona,C,,,,,,
119,TOTTUS,TOTTUS PACHACUTEC,Zona 7,B,,,,,,
315,TOTTUS,TOTTUS PIURA,Zona 6,B,,,,,,
371,TOTTUS,TOTTUS PIURA MALL,Sin Zona,B,,,,,,
450,TOTTUS,TOTTUS PUCALLPA,Sin Zona,B,,,,,,
120,TOTTUS,TOTTUS PUENTE PIEDRA,Zona 1,B,,,,,,
112,TOTTUS,TOTTUS QUILCA,Sin Zona,B,,,,,,
113,TOTTUS,TOTTUS SAENZ PEÑA,Sin Zona,C,,,,,,
171,TOTTUS,TOTTUS SAN HILARION,Zona 7,B,,,,,,
114,TOTTUS,TOTTUS SAN LUIS,Sin Zona,C,,,,,,
155,TOTTUS,TOTTUS SANTA ANITA,Zona 2,A,,,,,,
350,TOTTUS,TOTTUS SULLANA,Sin Zona,B,,,,,,
311,TOTTUS,TOTTUS TRUJILLO I,Zona 6,A,,,,,,
314,TOTTUS,TOTTUS TRUJILLO II,Zona 6,B,,,,,,
122,OECHSLE,OECHSLE PARQUE KENNEDY,Sin Zona,C,,,,,,
,TAILOY,TAILOY BARRANCO,Sin Zona,C,,,,,,
,TAILOY,TAILOY BOLICHERA,Sin Zona,C,,,,,,
,TAILOY,TAILOY CAJAMARCA,Sin Zona,C,,,,,,
,TAILOY,TAILOY CAMELIAS,Sin Zona,C,,,,,,
,TAILOY,TAILOY CAVENECIA,Sin Zona,C,,,,,,
,TAILOY,TAILOY CHORRILLOS,Sin Zona,C,,,,,,
,TAILOY,TAILOY FERRERO,Sin Zona,C,,,,,,
,TAILOY,TAILOY LARCO,Sin Zona,C,,,,,,
,TAILOY,TAILOY LOBATON LINCE,Sin Zona,C,,,,,,
,TAILOY,TAILOY MAGDALENA,Sin Zona,C,,,,,,
,TAILOY,TAILOY MALL LIMA SUR,Sin Zona,C,,,,,,
,TAILOY,TAILOY MATELLINI,Sin Zona,C,,,,,,
,TAILOY,TAILOY MINKA,Sin Zona,C,,,,,,
,TAILOY,TAILOY MIRAFLORES,Sin Zona,C,,,,,,
,TAILOY,TAILOY PARDO,Sin Zona,C,,,,,,
,TAILOY,TAILOY SAN BORJA,Sin Zona,C,,,,,,
,TAILOY,TAILOY SAN MIGUEL,Sin Zona,C,,,,,,
,TAILOY,TAILOY SAN LUIS,Sin Zona,C,,,,,,
,TAILOY,TAILOY SURCO,Sin Zona,C,,,,,,
E913,CONECTA RETAIL,EFE PICHANAKI,Sin Zona,C,,,,,,
P317,PARIS,PARIS MALL DEL SUR,Sin Zona,C,,,,,,
P048,GALLO MAS GALLO,GMG PUCALLPA,Sin Zona,C,,,,,,
20017,RIPLEY,RIPLEY ESTACION R VES,Sin Zona,C,,,,,,
B90,COOLBOX,COOLBOX REAL PLAZA SALAVERRY,Sin Zona,C,,,,,,
CD9,COOLBOX,COOLBOX ALMACEN YOBEL,Sin Zona,C,,,,,,
K06,COOLBOX,COOLBOX TIL TDA SALAVERRY,Sin Zona,C,,,,,,
K09,COOLBOX,COOLBOX TIL TDA BEGONIAS,Sin Zona,C,,,,,,
K22,COOLBOX,COOLBOX TIL FERRERO LA MOLINA,Sin Zona,C,,,,,,
K25,COOLBOX,COOLBOX TIL PLAZA LIMA SUR CHORRILLOS,Sin Zona,C,,,,,,
K43,COOLBOX,COOLBOX TIL MEGAPLAZA 2DO NIVEL,Sin Zona,C,,,,,,
K63,COOLBOX,TIL063- ENCALADA,Sin Zona,C,,,,,,
K71,COOLBOX,COOLBOX TIL PLAZA LIMA NORTE,Sin Zona,C,,,,,,
T05,COOLBOX,COOLBOX MEGAPLAZA,Sin Zona,C,,,,,,
T22,COOLBOX,COOLBOX MALL SUR,Sin Zona,C,,,,,,
E091,CONECTA RETAIL,EFE HUANCABAMBA,Sin Zona,C,,,,,,
10,SODIMAC,SODIMAC LIMA CENTRO,Sin Zona,C,,,,,,
25,SODIMAC,SODIMAC ATE,Sin Zona,C,,,,,,
26,SODIMAC,SODIMAC SJL,Sin Zona,C,,,,,,
30,SODIMAC,SODIMAC VES,Sin Zona,C,,,,,,
6,SODIMAC,SODIMAC ATOCONGO,Sin Zona,C,,,,,,
8,SODIMAC,SODIMAC LA VICTORIA,Sin Zona,C,,,,,,
B38,COOLBOX,COOLBOX METRO HUAYLAS,Sin Zona,C,,,,,,
B47,COOLBOX,COOLBOX RASH ILO,Sin Zona,C,,,,,,
B55,COOLBOX,COOLBOX LARCO,Sin Zona,C,,,,,,
B61,COOLBOX,COOLBOX AEROPUERTO,Sin Zona,C,,,,,,
K11,COOLBOX,COOLBOX TDA SAN MIGUEL,Sin Zona,C,,,,,,
K18,COOLBOX,COOLBOX YANAHUARA - AREQUIPA,Sin Zona,C,,,,,,
K57,COOLBOX,COOLBOX ATOCONGO,Sin Zona,C,,,,,,
K58,COOLBOX,COOLBOX JR DE LA UNION,Sin Zona,C,,,,,,
T04,COOLBOX,COOLBOX SANTA ANITA,Sin Zona,C,,,,,,
