EAN,DESCRIPCION,CLASIFICACION,CATEGORIA,PLATAFORMA,PUBLISHER
884095179069,2-Pack Assassins Creed Black Flag + Just Dance 2016,CATALOGO,Juego,PS4,Ubisoft
884095179076,2-Pack Assassins Creed G H + Assassins Creed Rogue,CATALOGO,Juego,PS3,Ubisoft
884095179090,2-Pack Assassins Creed Rogue + South Park,CATALOGO,Juego,PS3,Ubisoft
884095179045,2-Pack Assassins Creed Unity + Far Cry 4,CATALOGO,Juego,PS4,Ubisoft
884095179052,2-Pack Far Cry 4 + Just Dance 2016,CATALOGO,Juego,PS4,Ubisoft
884095179083,2-Pack Far Cry Compilation + South Park,CATALOGO,Juego,PS3,Ubisoft
884095177430,5-Pack Action - Action,CATALOGO,Juego,PS3,Sony Computer Entertainment
884095177454,5-Pack Action - Adventure,CATALOGO,Juego,PS3,Sony Computer Entertainment
884095177447,5-Pack Action - Terror,CATALOGO,Juego,PS3,Sony Computer Entertainment
887256015084,Assassin's Creed Syndicate,CATALOGO,Juego,PS4,Ubisoft
711719039297,Assassin's Creed: Revelations,CATALOGO,Juego,PS3,Sony Computer Entertaiment
887256301262,Assassin's Creed: Unity,CATALOGO,Juego,PS4,Ubisoft
883929412044,Batman Arkham Knight,CATALOGO,Juego,PS4,Warner
711719992059,Best Of Psn Volume 1 Playstation 3,CATALOGO,Juego,PS3,Sony Computer Entertaiment
711719039242,Bioshock,CATALOGO,Juego,PS3,Sony Computer Entertaiment
711719039235,Borderlands,CATALOGO,Juego,PS3,Sony Computer Entertaiment
711719039075,Call Of Duty 4: Modern Warfare,CATALOGO,Juego,PS3,Sony Computer Entertaiment
47875873599,Call Of Duty Advanced Warfare,CATALOGO,Juego,PS4,Activision
47875874251,Call Of Duty Advanced Warfare Gold Edition,CATALOGO,Juego,PS3,Activision
47875874367,Call Of Duty Black Ops 1 & 2_First Strike Map,CATALOGO,Juego,PS3,Activision
47875880061,Call Of Duty Black Ops Collection,CATALOGO,Juego,PS3,Activision
47875874565,Call Of Duty Black Ops III,CATALOGO,Juego,PS3,Activision
47875874602,Call Of Duty Black Ops III,CATALOGO,Juego,PS4,Activision
47875874640,Call Of Duty Black Ops III,CATALOGO,Juego,X360,Activision
47875874688,Call Of Duty Black Ops III,CATALOGO,Juego,XONE,Activision
47875874541,Call Of Duty Black Ops III,CATALOGO,Juego,PS3,Activision
47875876491,Call Of Duty Black Ops III Collector's Edition,CATALOGO,Juego,PS4,Activision
47875878006,Call Of Duty Black Ops III Gold Edition,CATALOGO,Juego,PS4,Activision
47875878013,Call Of Duty Black Ops III Gold Edition,CATALOGO,Juego,XONE,Activision
47875878006,Call Of Duty Black Ops III Special Edition,CATALOGO,Juego,PS4,Activision
47875878013,Call Of Duty Black Ops III Special Edition,CATALOGO,Juego,XONE,Activision
47875878532,Call Of Duty Infinite Warfare,CATALOGO,Juego,PS4,Activision
47875878600,Call Of Duty Infinite Warfare,CATALOGO,Juego,XONE,Activision
47875880368,Call Of Duty Infinite Warfare Legacy Collectors Edition,CATALOGO,Juego,PS4,Activision
47875880788,Call Of Duty Modern Warfare Remastered,CATALOGO,Juego,PS4,Activision
47875878075,Call Of Duty: Modern Warfare 3,CATALOGO,Juego,PS3,Activision
47875880825,Crash Bandicoot N. Sane Trilogy,CATALOGO,Juego,PS4,Activision
722674120562,Dark Souls 3,CATALOGO,Juego,PS4,Bandai Namco
722674120838,Dark Souls 3,CATALOGO,Juego,PS4,Bandai Namco
722674110921,Dark Souls II,CATALOGO,Juego,PS3,Bandai Namco
14633197228,Dead Space 3,CATALOGO,Juego,PS3,Electronic Arts
47875771109,Deadpool,CATALOGO,Juego,PS4,Activision
47875879706,Destiny: Collection,CATALOGO,Juego,PS4,Activision
47875874404,Destiny: The Taken King Legendary Edition,CATALOGO,Juego,PS3,Activision
47875874442,Destiny: The Taken King Legendary Edition,CATALOGO,Juego,PS4,Activision
47875874480,Destiny: The Taken King Legendary Edition,CATALOGO,Juego,X360,Activision
47875874527,Destiny: The Taken King Legendary Edition,CATALOGO,Juego,XONE,Activision
711719039136,Devil May Cry HD Collection,CATALOGO,Juego,PS3,Sony Computer Entertaiment
G3000590,Diablo III: Reaper Of Souls,CATALOGO,Juego,PS3,Sony Computer Entertaiment
711719470007,Diablo III: Reaper Of Souls - Ultimate Evil Edition,CATALOGO,Juego,PS4,Sony Computer Entertaiment
722674121101,Digimon World Next Order,CATALOGO,Juego,PS4,Bandai Namco
93155118973,Dishonored Game Of The Year Edition,CATALOGO,Juego,PS3,Bethesda
93155170285,DOOM,CATALOGO,Juego,PS4,Bethesda
93155170278,DOOM,CATALOGO,Juego,XONE,Bethesda
93155170513,DOOM Collectors Edition,CATALOGO,Juego,PS4,Bethesda
722674120999,Dragon Ball Xenoverse 2 Collectors Edition,CATALOGO,Juego,PS4,Bandai Namco
722674120425,Dragon Ball Xenoverse 2 Day One Edition,CATALOGO,Juego,PS4,Bandai Namco
722674121095,Dragon Ball Xenoverse 2 Standard Edition,CATALOGO,Juego,PS4,Bandai Namco
711719100324,Driveclub,CATALOGO,Juego,PS4,Sony Computer Entertaiment
711719502692,Dualshock 4 20Th Anniversary Ed. Gray,CATALOGO,Accesorio,PS4,Sony Computer Entertaiment
711719100393,Dualshock 4 Black,CATALOGO,Accesorio,PS4,Sony Computer Entertaiment
711718100393,Dualshock 4 Black,CATALOGO,Accesorio,PS4,Sony Computer Entertaiment
711719504313,Dualshock 4 Black,CATALOGO,Accesorio,PS4,Sony Computer Entertaiment
711719051497,Dualshock 4 Glacier White,CATALOGO,Accesorio,PS4,Sony Computer Entertaiment
711719503620,Dualshock 4 Gray Blue,CATALOGO,Accesorio,PS4,Sony Computer Entertaiment
711719505914,Dualshock 4 Green Camouflage,CATALOGO,Accesorio,PS4,Sony Computer Entertaiment
711719039617,Dualshock 4 Magma Red,CATALOGO,Accesorio,PS4,Sony Computer Entertaiment
711719504429,Dualshock 4 Magma Red,CATALOGO,Accesorio,PS4,Sony Computer Entertaiment
711719504344,Dualshock 4 Silver,CATALOGO,Accesorio,PS4,Sony Computer Entertaiment
711719505488,Dualshock 4 Urban Camo,CATALOGO,Accesorio,PS4,Sony Computer Entertaiment
711719051503,Dualshock 4 Urban Camo,CATALOGO,Accesorio,PS4,Sony Computer Entertainment
711719039648,Dualshock 4 Wave Blue,CATALOGO,Accesorio,PS4,Sony Computer Entertaiment
662248916040,Final Fantasy X | X-2,CATALOGO,Juego,PS4,Square Enix
662248912264,Final Fantasy X | X-2,CATALOGO,Juego,PS3,Square Enix
G3000019,Final Fantasy XIII,CATALOGO,Juego,PS3,Sony Computer Entertaiment
887256023331,Ghost Recon Wildlands Limited Edition,CATALOGO,Juego,PS4,Ubisoft
47875771475,Ghostbusters,CATALOGO,Juego,PS4,Activision
47875771499,Ghostbusters,CATALOGO,Juego,XONE,Activision
722674120951,God Eater 2: Rage Burst,CATALOGO,Juego,PS4,Bandai Namco
711719811121,God Of War 3,CATALOGO,Juego,PS3,Sony Computer Entertaiment
711719501329,God Of War 3 Remastered,CATALOGO,Juego,PS4,Sony Computer Entertaiment
711719822929,God Of War Collection 1&2,CATALOGO,Juego,PS3,Sony Computer Entertaiment
711719990512,God Of War Omega Collection,CATALOGO,Juego,PS3,Sony Computer Entertaiment
G1098289,God Of War Origins Collection,CATALOGO,Juego,PS3,Sony Computer Entertaiment
G1099087,God Of War: Ascension,CATALOGO,Juego,PS3,Sony Computer Entertaiment
711719811428,Gran Turismo 5,CATALOGO,Juego,PS3,Sony Computer Entertaiment
711719983941,Gran Turismo 5 Xl Edition,CATALOGO,Juego,PS3,Sony Computer Entertaiment
G1099247,Gran Turismo 6,CATALOGO,Juego,PS3,Sony Computer Entertaiment
711719992479,Gran Turismo 6,CATALOGO,Juego,PS3,Sony Computer Entertaiment
47875874817,Guitar Hero Live,CATALOGO,Juego,PS3,Activision
47875876095,Guitar Hero Live,CATALOGO,Juego,PS4,Activision
47875874831,Guitar Hero Live,CATALOGO,Juego,PS4,Activision
47875874879,Guitar Hero Live,CATALOGO,Juego,XONE,Activision
47875880245,Guitar Hero Live 2 Pack SPE Bundle,CATALOGO,Juego,PS4,Activision
711719813224,Heavenly Sword,CATALOGO,Juego,PS3,Sony Computer Entertaiment
711719816423,Heavy Rain,CATALOGO,Juego,PS3,Sony Computer Entertaiment
711719828020,Heavy Rain: Director's Cut,CATALOGO,Juego,PS3,Sony Computer Entertaiment
711719502579,Helldivers Super-Earth Ultimate Edition,CATALOGO,Juego,PS4,Sony Computer Entertaiment
711719826125,High Velocity Bowling,CATALOGO,Juego,PS3,Sony Computer Entertaiment
711719503507,Horizon Zero Dawn,CATALOGO,Juego,PS4,Sony Computer Entertaiment
711719825920,Ico Shadow Of The Colossus HD Collection,CATALOGO,Juego,PS3,Sony Computer Entertaiment
711719811923,InFamous,CATALOGO,Juego,PS3,Sony Computer Entertaiment
G1099222,InFamous 2,CATALOGO,Juego,PS3,Sony Computer Entertaiment
711719829324,InFamous 2,CATALOGO,Juego,PS3,Sony Computer Entertaiment
G1010046,InFamous: Second Son,CATALOGO,Juego,PS4,Sony Computer Entertaiment
711719100461,InFamous: Second Son,CATALOGO,Juego,PS4,Sony Computer Entertaiment
G1099263,Invizimals: The Lost Kingdom,CATALOGO,Juego,PS3,Sony Computer Entertaiment
G1099223,Jak & Daxter HD Collection,CATALOGO,Juego,PS3,Sony Computer Entertainment
711719982814,Jak & Daxter HD Collection,CATALOGO,Juego,PS3,Sony Computer Entertaiment
711719992233,Jak & Daxter HD Collection,CATALOGO,Juego,PS3,Sony Computer Entertaiment
711719992509,Journey Collection,CATALOGO,Juego,PS3,Sony Computer Entertaiment
711719983774,Journey Compilation,CATALOGO,Juego,PS3,Sony Computer Entertaiment
722674120234,J-Stars Victory VS,CATALOGO,Juego,PS4,Bandai Namco
711719039303,Just Dance 3,CATALOGO,Juego,PS3,Sony Computer Entertaiment
711719811626,Killzone 2,CATALOGO,Juego,PS3,Sony Computer Entertaiment
G1099225,Killzone 3,CATALOGO,Juego,PS3,Sony Computer Entertaiment
711719828624,Killzone 3,CATALOGO,Juego,PS3,Sony Computer Entertaiment
711719992257,Killzone 3,CATALOGO,Juego,PS3,Sony Computer Entertaiment
G1010048,Killzone 4,CATALOGO,Juego,PS4,Sony Computer Entertaiment
711719990758,Killzone Trilogy,CATALOGO,Juego,PS3,Sony Computer Entertaiment
711719100485,Killzone: Shadow Fall,CATALOGO,Juego,PS4,Sony Computer Entertaiment
G1010050,Knack,CATALOGO,Juego,PS4,Sony Computer Entertaiment
711719100508,Knack,CATALOGO,Juego,PS4,Sony Computer Entertaiment
883929427406,Lego Batman 3: Beyond Gotham,CATALOGO,Juego,PS4,Warner
883929366927,Lego Marvel Super Heroes,CATALOGO,Juego,PS4,Warner
722674121323,Little Nightmares Six Edition,CATALOGO,Juego,PS4,Bandai Namco
711719824527,LittleBigPlanet 2,CATALOGO,Juego,PS3,Sony Computer Entertaiment
711719053248,LittleBigPlanet 3,CATALOGO,Juego,PS3,Sony Computer Entertaiment
711719053217,LittleBigPlanet 3,CATALOGO,Juego,PS4,Sony Computer Entertaiment
710425476723,Mafia III,CATALOGO,Juego,PS4,Take 2
711719039280,Max Payne 3,CATALOGO,Juego,PS3,Sony Computer Entertaiment
711719039167,Metal Gear Solid 4: Guns Of The Patriots,CATALOGO,Juego,PS3,Sony Computer Entertaiment
G3000349,Metal Gear Solid V: Ground Zeroes,CATALOGO,Juego,PS4,Sony Computer Entertaiment
711719051008,Metal Gear Solid V: Ground Zeroes,CATALOGO,Juego,PS4,Sony Computer Entertaiment
83717203148,Metal Gear Solid V: The Definitive Experience,CATALOGO,Juego,PS4,Konami
83717202776,Metal Gear Solid V: The Phantom Pain,CATALOGO,Juego,PS3,Konami
83717202790,Metal Gear Solid V: The Phantom Pain,CATALOGO,Juego,PS4,Konami
83717302186,Metal Gear Solid V: The Phantom Pain,CATALOGO,Juego,X360,Konami
83717301806,Metal Gear Solid V: The Phantom Pain,CATALOGO,Juego,X360,Konami
83717302162,Metal Gear Solid V: The Phantom Pain,CATALOGO,Juego,XONE,Konami
83717301820,Metal Gear Solid V: The Phantom Pain,CATALOGO,Juego,XONE,Konami
883929319695,Middle Earth:Shadow Of Mordor,CATALOGO,Juego,PS4,Warner
711719051343,Minecraft,CATALOGO,Juego,PS3,Sony Computer Entertaiment
722674120388,Naruto Shippuden: Ultimate Ninja Storm 4,CATALOGO,Juego,PS4,Bandai Namco
722674121293,Naruto Shippuden: UNS 4 Road To Boruto,CATALOGO,Juego,PS4,Bandai Namco
711719508939,NIOH,CATALOGO,Juego,PS4,Sony Computer Entertaiment
711719501480,No Man's Sky,CATALOGO,Juego,PS4,Sony Computer Entertaiment
722674120135,One Piece Burning Blood,CATALOGO,Juego,PS4,Bandai Namco
47875877627,Overwatch,CATALOGO,Juego,PS4,Activision
47875877658,Overwatch,CATALOGO,Juego,XONE,Activision
47875877672,Overwatch Collector's Edition,CATALOGO,Juego,PS4,Activision
722674121125,Pac-Man Championship Edition 2,CATALOGO,Juego,PS4,Bandai Namco
711719504733,Paragon,CATALOGO,Juego,PS4,Sony Computer Entertaiment
711719504481,Playstation Camera PS4,CATALOGO,Accesorio,PS4,Sony Computer Entertaiment
93155171558,Prey,CATALOGO,Juego,PS4,Bethesda
G3000732,Pro Evolution Soccer 2015,CATALOGO,Juego,PS4,Sony Computer Entertaiment
83717203087,Pro Evolution Soccer 2016,CATALOGO,Juego,PS3,Konami
83717203063,Pro Evolution Soccer 2016,CATALOGO,Juego,PS4,Konami
83717302094,Pro Evolution Soccer 2016,CATALOGO,Juego,XONE,Konami
83717203186,Pro Evolution Soccer 2017,CATALOGO,Juego,PS3,Konami
83717203162,Pro Evolution Soccer 2017,CATALOGO,Juego,PS4,Konami
83717302247,Pro Evolution Soccer 2017,CATALOGO,Juego,XONE,Konami
83717302278,Pro Evolution Soccer 2017,CATALOGO,Juego,X360,Konami
711719503309,PS4 500GB (Cuh-1215A) Bundle - Uncharted ND Collection,CATALOGO,Consola,PS4,Sony Computer Entertaiment
711719505150,PS4 500GB (Cuh-1215A) Bundle - Uncharted ND Collection,CATALOGO,Consola,PS4,Sony Computer Entertaiment
711719507178,PS4 500GB Bundle - Call of Duty Infinite Warfare Black,CATALOGO,Consola,PS4,Sony Computer Entertaiment
711719502104,PS4 500GB Bundle HW Bundle - God Of War Remastered,CATALOGO,Consola,PS4,Sony Computer Entertaiment
711719510086,PS4 500GB Bundle PlayStation Hits,CATALOGO,Consola,PS4,Sony Computer Entertaiment
711719504269,PS4 500GB Bundle Slim FIFA 2017,CATALOGO,Consola,PS4,Sony Computer Entertaiment
711719503989,PS4 500GB Bundle Slim Uncharted 4,CATALOGO,Consola,PS4,Sony Computer Entertaiment
711719502272,PS4 500GB HW Bundle (CUH-1215A) Uncharted 4 - Limited Edition,CATALOGO,Consola,PS4,Sony Computer Entertaiment
711719501879,PS4 500GB HW Call Of Duty Black Ops III,CATALOGO,Consola,PS4,Solutions 2 GO
711719051886,PS4 500GB Jet Black (Cuh1011A B01),CATALOGO,Consola,PS4,Sony Computer Entertaiment
711719050513,PS4 500GB Refurbished,CATALOGO,Consola,PS4,Solutions 2 GO
711719504030,PS4 PRO 1TB,CATALOGO,Consola,PS4,Solutions 2 GO
711719504023,PS4 PRO 1TB,CATALOGO,Consola,PS4,Sony Computer Entertaiment
711719504511,PSVR Playstation VR Headset,CATALOGO,Consola,PSVR,Solutions 2 GO
887256014711,Rainbow Six Siege,CATALOGO,Juego,PS4,Ubisoft
887256014728,Rainbow Six Siege,CATALOGO,Juego,XONE,Ubisoft
711719501244,Ratchet & Clank,CATALOGO,Juego,PS4,Sony Computer Entertaiment
711719039266,Red Dead Redemption: Undead Nightmare,CATALOGO,Juego,PS3,Sony Computer Entertaiment
711719812029,Resistance 2,CATALOGO,Juego,PS3,Sony Computer Entertaiment
711719817628,Resistance 3,CATALOGO,Juego,PS3,Sony Computer Entertaiment
711719810728,Resistance: Fall Of Man,CATALOGO,Juego,PS3,Sony Computer Entertaiment
722674120081,Ride,CATALOGO,Juego,PS4,Bandai Namco
722674220071,Ride,CATALOGO,Juego,XONE,Bandai Namco
722674111911,Saint Seiya: Soldiers' Soul,CATALOGO,Juego,PS3,Bandai Namco
722674120401,Saint Seiya: Soldiers' Soul,CATALOGO,Juego,PS4,Bandai Namco
722674121071,Sherlock Holmes The Devil's Daughter,CATALOGO,Juego,PS4,Bandai Namco
47875878846,Skylanders Imaginators Starter Pack,CATALOGO,Juego,PS4,Activision
47875871199,Skylanders: Trap Team Starter,CATALOGO,Juego,PS3,Activision
47875870291,Skylanders: Trap Team Starter,CATALOGO,Juego,PS4,Activision
662248914879,Sleeping Dogs: Definitive Edition,CATALOGO,Juego,PS4,Square Enix
722674120326,Sword Art Online: Lost Song,CATALOGO,Juego,PS4,Bandai Namco
887256028053,Syberia 3,CATALOGO,Juego,PS4,Sony Computer Entertaiment
711719501282,Tearaway Unfolded,CATALOGO,Juego,PS4,Sony Computer Entertaiment
722674121378,Tekken 7,CATALOGO,Juego,PS4,Bandai Namco
722674121088,Tekken 7 Collectors Edition,CATALOGO,Juego,PS4,Bandai Namco
887256015626,The Crew Wild Run,CATALOGO,Juego,PS4,Ubisoft
711719500292,The Evil Within,CATALOGO,Juego,PS3,Sony Computer Entertaiment
711719500278,The Evil Within,CATALOGO,Juego,PS4,Sony Computer Entertaiment
711719501817,The Heavy Rain & Beyond: Two Souls Collection,CATALOGO,Juego,PS4,Sony Computer Entertaiment
711719503422,The Last Guardian,CATALOGO,Juego,PS4,Sony Computer Entertaiment
G1099183,The Last Of Us,CATALOGO,Juego,PS3,Sony Computer Entertaiment
711719100447,The Order: 1886,CATALOGO,Juego,PS4,Sony Computer Entertaiment
711719052784,The Walking Dead,CATALOGO,Juego,PS3,Sony Computer Entertaiment
662248913803,Tomb Raider Definitive Edition,CATALOGO,Juego,PS4,Square Enix
47875770669,Tony Hawk Pro Skater 5,CATALOGO,Juego,PS4,Activision
47875771062,Tony Hawk Pro Skater 5,CATALOGO,Juego,PS3,Activision
711719990482,Tripack: Adventure Pack,CATALOGO,Juego,PS3,Sony Computer Entertaiment
711719990499,Tripack: Family Pack,CATALOGO,Juego,PS3,Sony Computer Entertaiment
711719990505,Tripack: Hardcore Pack,CATALOGO,Juego,PS3,Sony Computer Entertaiment
711719810629,Twisted Metal,CATALOGO,Juego,PS3,Sony Computer Entertaiment
711719812326,Uncharted 2: Among Thieves,CATALOGO,Juego,PS3,Sony Computer Entertaiment
711719983798,Uncharted 3: Drake's Deception,CATALOGO,Juego,PS3,Sony Computer Entertaiment
711719047315,Uncharted 4: A Thief's End,CATALOGO,Juego,PS4,Sony Computer Entertaiment
711719502197,Uncharted 4: A Thief's End Libertalia Edition,CATALOGO,Juego,PS4,Sony Computer Entertaiment
711719502166,Uncharted 4: A Thief's End Special Edition,CATALOGO,Juego,PS4,Sony Computer Entertaiment
711719501381,Uncharted Collection,CATALOGO,Juego,PS4,Sony Computer Entertaiment
711719837527,Uncharted Greatest Hits,CATALOGO,Juego,PS3,Sony Computer Entertaiment
711719810322,Uncharted: Drake's Fortune,CATALOGO,Juego,PS3,Sony Computer Entertaiment
711719500919,Uncharted: Drake's Fortune,CATALOGO,Juego,PS3,Sony Computer Entertaiment
711719053132,Until Dawn,CATALOGO,Juego,PS4,Sony Computer Entertaiment
711719505310,Until Dawn - Rush Of Blood,CATALOGO,Juego,PSVR,Sony Computer Entertaiment
711719052050,Wolfenstein: The New Order,CATALOGO,Juego,PS3,Sony Computer Entertaiment
711719052036,Wolfenstein: The New Order,CATALOGO,Juego,PS4,Sony Computer Entertaiment
711719505297,Worlds,CATALOGO,Juego,PSVR,Sony Computer Entertaiment