EAN;DESCRIPCION;CLASIFICACION;CATEGORIA;PLATAFORMA;Publisher
884095178345;PS4 DUO PACK NO MAN SKY & HEAVY RAIN;PS4;Software;PS4;SCEA
711719510499;PS4 Uncharted Lost Legacy - LATAM;PS4;Software;PS4;SCEA
711719510086;PS4 HW 500GB (CUH-2015A) HZD, R&C, TLOU Bundle - LATAM - MX, COL, PU, PY, CAM;PS4;Hardware;PS4;SCEA
722674121415;DARK SOULS III THE FIRE FADES EDITION - LATAM PS4;PS4;Software;PS4;BANDAI NAMCO
722674220927;DARK SOULS III THE FIRE FADES EDITION - LATAM XBONE;XBONE;Software;XBONE;BANDAI NAMCO
887256301347;Far Cry 4 Complete Edition Trilingual PS4;PS4;Software;PS4;UBISOFT
887256300197;Trials Fusion PS4 Trilingual;PS4;Software;PS4;UBISOFT
8888358053;Watch Dogs Trilingual PS4;PS4;Software;PS4;UBISOFT
8888349075;Far Cry Compilation Trilingual EFS PS3;PS3;Software;PS3;UBISOFT
8888349044;South Park Trilingual Greatest Hits PS3;PS3;Software;PS3;UBISOFT
093155171961;THE ELDER SCROLLS ONLINE MORROWIND - LATAM PS4;PS4;Software;PS4;BETHESDA
093155171954;THE ELDER SCROLLS ONLINE MORROWIND - LATAM XBONE;XBONE;Software;XBONE;BETHESDA
884095177584;ARK: SURVIVAL EVOLVED - LATAM PS4;PS4;Software;PS4;STUDIO WILDCARD
884095177591;ARK: SURVIVAL EVOLVED - LATAM XBONE;XBONE;Software;XBONE;STUDIO WILDCARD
047875880825;CRASH BANDICOOT N'SANE TRILOGY - LATAM PS4;PS4;Software;PS4;ACTIVISION
093155171558;PREY - LATAM PS4;PS4;Software;PS4;BETHESDA
093155171541;PREY - LATAM XBONE;XBONE;Software;XBONE;BETHESDA
711719100294;GOLD WIRELESS STEREO HEADSET (US) PS4;PS4;Peripherals;PS4;SCEA
711719504153;PS4 500GB HW SLIM COD INFINITE WARFARE LEGACY ED - US;PS4;Hardware;PS4;SCEA
711719501879;PS4 500GB HW CALL OF DUTY BLACK OPS III US;PS4;Hardware;PS4;SCEA
711719504030;PS4 1TB HW PRO;PS4;Hardware;PS4;SCEA
711719504023;PS4 HW 1TB (CUH-7015B) - PS4 PRO - US;PS4;Hardware;PS4;SCEA
722674120852;ACE COMBAT 7 - LATAM PS4;PS4;Software;PS4;BANDAI NAMCO
722674220545;ACE COMBAT 7 - LATAM XBONE;XBONE;Software;XBONE;BANDAI NAMCO
722674121323;LITTLE NIGHTMARES SIX EDITION - LATAM PS4;PS4;Software;PS4;BANDAI NAMCO
722674220859;LITTLE NIGHTMARES SIX EDITION - LATAM XBONE;XBONE;Software;XBONE;BANDAI NAMCO
722674121378;TEKKEN 7 DAY ONE - LATAM PS4;PS4;Software;PS4;BANDAI NAMCO
722674220880;TEKKEN 7 DAY ONE - LATAM XBONE;XBONE;Software;XBONE;BANDAI NAMCO
722674121040;TEKKEN 7 - LATAM PS4;XBONE;Software;XBONE;BANDAI NAMCO
887256023331;GHOST RECON WILDLANDS LIMITED EDITION - LATAM PS4;PS4;Software;PS4;UBISOFT
887256023348;GHOST RECON WILDLANDS LIMITED EDITION - LATAM XBONE;XBONE;Software;XBONE;UBISOFT
722674121309;WRC 6 - LATAM PS4;PS4;Software;PS4;BANDAI NAMCO
722674220828;WRC 6 - LATAM XBONE;XBONE;Software;XBONE;BANDAI NAMCO
884095177416;Consola PS4 500G + 5 juegos + 1 control - TIER2;PS4;Hardware;PS4;SCEA
884095177423;Consola PS4 500G + 7 juegos + 1 control - FONDOS;PS4;Hardware;PS4;SCEA
884095176990;Bundle PS4 500GB FIFA 17 + DS4 Wave Blue;PS4;Hardware;PS4;SCEA
47875873599;CALL OF DUTY ADVANCED WARFARE PS4;PS4;Software;PS4;ACTIVISION
47875880061;CALL OF DUTY BLACK OPS COLLECTION - LATAM PS3;PS3;Software;PS3;ACTIVISION
47875880078;CALL OF DUTY BLACK OPS COLLECTION - LATAM XB360;XB360;Software;XB360;ACTIVISION
711719507178;PS4 HW 500GB (CUH-2015A) Call of Duty:  Infinite Warfare - Jet Black - MX, COL, PU, PY, Cent.Am;PS4;Hardware;PS4;SCEA
711719508939;PS4 Nioh - LATAM;PS4;Software;PS4;SCEA
47875878792;SKYLANDERS IMAGINATORS PS3 STARTER PACK SP;PS3;Software;PS3;ACTIVISION
47875878846;SKYLANDERS IMAGINATORS PS4 STARTER PACK SP;PS4;Software;PS4;ACTIVISION
47875878921;SKYLANDERS IMAGINATORS XONE STARTER PACK SP;XBONE;Software;XBONE;ACTIVISION
47875878969;SKYLANDERS IMAGINATORS WiiU STARTER PACK SP;WIIU;Software;WIIU;ACTIVISION
47875878785;SKYLANDERS IMAGINATORS PS3 CRASH STARTER PACK E/F;PS3;Software;PS3;ACTIVISION
47875878839;SKYLANDERS IMAGINATORS PS4 CRASH STARTER PACK E/F;PS4;Software;PS4;ACTIVISION
47875879225;SKYLANDERS IMAGINATORS OBSERVATORY ADVENTURE PACK ;OTHER;Software;OTHER;ACTIVISION
47875878242;SKYLANDERS IMAGINATORS DR. KRANKCASE ;OTHER;Software;OTHER;ACTIVISION
47875878273;SKYLANDERS IMAGINATORS HOOD SICKLE ;OTHER;Software;OTHER;ACTIVISION
47875878167;SKYLANDERS IMAGINATORS MASTER AMBUSH;OTHER;Software;OTHER;ACTIVISION
47875878174;SKYLANDERS IMAGINATORS MASTER AURORA;OTHER;Software;OTHER;ACTIVISION
47875878198;SKYLANDERS IMAGINATORS MASTER BARBELLA;OTHER;Software;OTHER;ACTIVISION
47875878310;SKYLANDERS IMAGINATORS MASTER CHOPSCOTCH ;OTHER;Software;OTHER;ACTIVISION
47875878686;SKYLANDERS IMAGINATORS MASTER EMBER;OTHER;Software;OTHER;ACTIVISION
47875878716;SKYLANDERS IMAGINATORS MASTER MYSTICAT;OTHER;Software;OTHER;ACTIVISION
47875878693;SKYLANDERS IMAGINATORS MASTER STARCAST;OTHER;Software;OTHER;ACTIVISION
47875877993;SKYLANDERS IMAGINATORS MASTER TRI-TIP ;OTHER;Software;OTHER;ACTIVISION
47875878327;SKYLANDERS IMAGINATORS TAE KWON CROW ;OTHER;Software;OTHER;ACTIVISION
47875878334;SKYLANDERS IMAGINATORS WOLFGANG ;OTHER;Software;OTHER;ACTIVISION
47875878341;SKYLANDERS IMAGINATORS  AIR CREATION CRYSTAL;OTHER;Software;OTHER;ACTIVISION
47875878358;SKYLANDERS IMAGINATORS EARTH CREATION CRYSTAL ;OTHER;Software;OTHER;ACTIVISION
47875878136;SKYLANDERS IMAGINATORS LIFE CREATION CRYSTAL ;OTHER;Software;OTHER;ACTIVISION
47875878136;SKYLANDERS IMAGINATORS LIFE CREATION CRYSTAL ;OTHER;Software;OTHER;ACTIVISION
47875878365;SKYLANDERS IMAGINATORS LIGHT CREATION CRYSTAL ;OTHER;Software;OTHER;ACTIVISION
47875878365;SKYLANDERS IMAGINATORS LIGHT CREATION CRYSTAL ;OTHER;Software;OTHER;ACTIVISION
47875878372;SKYLANDERS IMAGINATORS MAGIC CREATION CRYSTAL;OTHER;Software;OTHER;ACTIVISION
47875878372;SKYLANDERS IMAGINATORS MAGIC CREATION CRYSTAL;OTHER;Software;OTHER;ACTIVISION
47875878396;SKYLANDERS IMAGINATORS UNDEAD CREATION CRYSTAL;OTHER;Software;OTHER;ACTIVISION
47875878396;SKYLANDERS IMAGINATORS UNDEAD CREATION CRYSTAL;OTHER;Software;OTHER;ACTIVISION
47875878402;SKYLANDERS IMAGINATORS WATER CREATION CRYSTAL;OTHER;Software;OTHER;ACTIVISION
47875878402;SKYLANDERS IMAGINATORS WATER CREATION CRYSTAL;OTHER;Software;OTHER;ACTIVISION
47875878389;SKYLANDERS IMAGINATORS TECH CREATION CRYSTAL ;OTHER;Software;OTHER;ACTIVISION
47875879324;SKYLANDERS IMAGINATORS IMAGINITE MYSTERY CHEST;OTHER;Software;OTHER;ACTIVISION
47875879324;SKYLANDERS IMAGINATORS IMAGINITE MYSTERY CHEST;OTHER;Software;OTHER;ACTIVISION
47875879324;SKYLANDERS IMAGINATORS IMAGINITE MYSTERY CHEST;OTHER;Software;OTHER;ACTIVISION
93155171138;DISHONORED 2 - LATAM PS4;PS4;Software;PS4;BETHESDA
93155171121;DISHONORED 2 - LATAM XBONE;XBONE;Software;XBONE;BETHESDA
884095177072;Consola PS3 500G + 8  juegos + 1 control + Cable HDMI;PS3;Hardware;PS3;SCEA
884095176983;PS4 500GB BUNDLE + 5 GAMES - DS4 - LATAM;PS4;Hardware;PS4;SCEA
722674121101;DIGIMON WORLD NEXT ORDER - LATAM PS4;PS4;Software;PS4;BANDAI NAMCO
722674121293;NARUTO SHIPPUDEN: ULTIMATE NINJA STORM 4 ROAD TO BORUTO PS4;PS4;Software;PS4;BANDAI NAMCO
722674220811;NARUTO SHIPPUDEN: ULTIMATE NINJA STORM 4 ROAD TO BORUTO XBONE;XBONE;Software;XBONE;BANDAI NAMCO
722674120906;TALES OF BERSERIA - LATAM PS4;PS4;Software;PS4;BANDAI NAMCO
711719505914;PS4 DS4 (CUH-ZCT2U) Green Camouflage - LATAM;PS4;Peripherals;PS4;SCEA
711719504399;PS4 DS4 (CUH-ZCT2U 12) Wave Blue - LATAM;PS4;Peripherals;PS4;SCEA
711719504344;PS4 DS4 (CUH-ZCT2U 15) Silver - LATAM;PS4;Peripherals;PS4;SCEA
884095176976;CONSOLA PS3 500G + 6 JUEGOS + 1 CONTROL + CABLE HDMI;PS3;Hardware;PS3;SCEA
662248915135;FINAL FANTASY XV DAY 1 EDITION - LATAM PS4;PS4;Software;PS4;SQUARE ENIX
662248915142;FINAL FANTASY XV DAY 1 EDITION - LATAM XBONE;XBONE;Software;XBONE;SQUARE ENIX
662248918235;FINAL FANTASY XV DAY DELUXE EDITION - LATAM PS4;PS4;Software;PS4;SQUARE ENIX
662248918242;FINAL FANTASY XV DAY DELUXE EDITION - LATAM XBONE;XBONE;Software;XBONE;SQUARE ENIX
722674120890;SWORD ART ONLINE: HOLLOW REALIZATION - LATAM PS4;PS4;Software;PS4;BANDAI NAMCO
788687501088;BATMAN ARKHAM ASYLUM GOTY PS3;PS3;Software;PS3;WARNER
816819010235;DEAD ISLAND GOTY PS3;PS3;Software;PS3;SQUARE ENIX
14633197228;DEAD SPACE 3 PS3;PS3;Software;PS3;EA
662248912264;FINAL FANTASY X|X-2 HD REM PS3;PS3;Software;PS3;SQUARE ENIX
710425375736;RED DEAD REDEMPTION GH PS3;PS3;Software;PS3;TAKE 2
710425379338;RED DEAD REDEMPTION UNDEAD PS3;PS3;Software;PS3;TAKE 2
887256301262;ASSASSINS CREED UNITY PS4;PS4;Software;PS4;UBISOFT
883929412044;BATMAN ARKHAM KNIGHT PS4;PS4;Software;PS4;WARNER
662248916101;FINAL FANTASY TYPE-0 REP PS4;PS4;Software;PS4;SQUARE ENIX
662248916040;FINAL FANTASY X|X-2 PS4;PS4;Software;PS4;SQUARE ENIX
883929427406;LEGO BATMAN 3 BEYOND PS4;PS4;Software;PS4;WARNER
883929366927;LEGO MARVEL SUPER HEROES PS4;PS4;Software;PS4;WARNER
883929319695;MIDDLE EARTH:SHDW OF MRDR PS4;PS4;Software;PS4;WARNER
662248914879;SLEEPING DOGS: DEFINITIVE PS4;PS4;Software;PS4;SQUARE ENIX
662248913384;THIEF PS4;PS4;Software;PS4;SQUARE ENIX
662248913803;TOMB RAIDER DEFINITIVE ED PS4;PS4;Software;PS4;SQUARE ENIX
662248914947;TOMB RAIDER PH XB360;XB360;Software;XB360;SQUARE ENIX
8888523956;RAINBOW 6 VEGAS 2  XB360;XB360;Software;XB360;UBISOFT
710425398032;LA NOIRE XB360;XB360;Software;XB360;TAKE 2
710425393297;BORDERLANDS PH XB360;XB360;Software;XB360;TAKE 2
887256300319;ASSASSINS CREED UNITY LE XBONE;XBONE;Software;XBONE;UBISOFT
662248913797;TOMB RAIDER DEFINITIVE ED XBONE;XBONE;Software;XBONE;SQUARE ENIX
662248913377;THIEF  XBONE;XBONE;Software;XBONE;SQUARE ENIX
883929411283;BATMAN ARKHAM KNIGHT XBONE;XBONE;Software;XBONE;WARNER
883929427291;LEGO BATMAN 3 BEYOND XBONE;XBONE;Software;XBONE;WARNER
883929366941;LEGO MARVEL SUPER HEROES XBONE;XBONE;Software;XBONE;WARNER
883929414901;LEGO THE HOBBIT XBONE;XBONE;Software;XBONE;WARNER
883929319572;MIDDLE EARTH:SHDW OF MRDR XBONE;XBONE;Software;XBONE;WARNER
662248914862;SLEEPING DOGS: DEFINITIVE XBONE;XBONE;Software;XBONE;SQUARE ENIX
711719504429;PS4 DS4 (CUH-ZCT2U) Magma Red – LATAM;PS4;Peripherals;PS4;SCEA
710425478031;WWE 2K17 - LATAM PS4;PS4;Software;PS4;TAKE 2
710425498022;WWE 2K17 - LATAM XBONE;XBONE;Software;XBONE;TAKE 2
710425478055;WWE 2K17 - LATAM PS3;PS3;Software;PS3;TAKE 2
710425498046;WWE 2K17 - LATAM XB360;XB360;Software;XB360;TAKE 2
710425476723;MAFIA III - LATAM PS4;PS4;Software;PS4;TAKE 2
710425496714;MAFIA III - LATAM XBONE;XBONE;Software;XBONE;TAKE 2
884095176877;PS3 500GB HW BUNDLE + 6 GAMES -CONTROLLER- HDMI-  LATAM;PS3;Hardware;PS3;SCEA
884095176884;PS4 500GB HW BUNDLE -7 GAMES - DS4 - LATAM;PS4;Hardware;PS4;SCEA
47875878532;CALL OF DUTY INFINITE WARFARE - LATAM PS4;PS4;Software;PS4;ACTIVISION
47875878600;CALL OF DUTY INFINITE WARFARE - LATAM XBONE;XBONE;Software;XBONE;ACTIVISION
47875335370;CALL OF DUTY INFINITE WARFARE - PC;PC;Software;PC;ACTIVISION
47875880368;CALL OF DUTY INFINITE WARFARE LEGACY CE - PS4;PS4;Software;PS4;ACTIVISION
47875880399;CALL OF DUTY INFINITE WARFARE LEGACY CE - XBONE;XBONE;Software;XBONE;ACTIVISION
711719503866;PS4 HW 500GB (CUH-2015A) - Bulk;PS4;Hardware;PS4;SCEA
711719503767;PS4 Uncharted 4 - LATAM NFR;PS4;NFR Software;PS4;SCEA
711719506249;PS4 FIFA 2017 - LATAM - NFR;PS4;NFR Software;PS4;SCEA
711719504313;PS4 DS4 (CUH-ZCT2U) Jet Black – LATAM;PS4;Peripherals;PS4;SCEA
711719503989;PS4 HW 500GB (CUH-2015A) UNCHARTED 4 Bundle - MX, COL, PU, PY, Cent.Am;PS4;Hardware;PS4;SCEA
711719504269;PS4 HW 500GB (CUH-2015A) FIFA 2017 Bundle - MX, COL, PU, PY, Cent.Am;PS4;Hardware;PS4;SCEA
884095175733;PS3 500GB + PES 15 + HDMI- PS3 HW BNDL (LATAM);PS3;Hardware;PS3;SCEA
722674120890;SWORD ART ONLINE: HOLLOW REALIZATION - LATAM PS4;PS4;Software;PS4;ACTIVISION
722674121071;SHERLOCK HOLMES THE DEVIL'S DAUGHTER - LATAM PS4;PS4;Software;PS4;ACTIVISION
722674220675;SHERLOCK HOLMES THE DEVIL'S DAUGHTER - LATAM XBONE;XBONE;Software;XBONE;ACTIVISION
722674120425;DRAGON BALL XENOVERSE 2 - LATAM PS4;PS4;Software;PS4;BANDAI NAMCO
722674220262;DRAGON BALL XENOVERSE 2 - LATAM XBONE;XBONE;Software;XBONE;BANDAI NAMCO
711719504481;PS4 Camera (CUH-ZEY2) - LATAM;PS4;Peripherals;PS4;SCEA
884095175252;PS4 500GB BUNDLE EXCLUSIVO FLAMINGO INTERACTIVA;PS4;Hardware;PS4;SCEA
711719050957;PS3 500GB HW CECH-4301C;PS3;Hardware;PS3;SCEA
711719983491;PS3 HDMI CABLE 6.5 FT ;OTHER;Other;OTHER;SCEA
47875879706;DESTINY COLLECTION - LATAM PS4;PS4;Software;PS4;ACTIVISION
47875879737;DESTINY COLLECTION - LATAM XBONE;XBONE;Software;XBONE;ACTIVISION
47875877948;WORLD OF WARCRAFT LEGION PC;PC;Software;PC;ACTIVISION
711719503507;PS4 Horizon Zero Dawn - LATAM;PS4;Software;PS4;SCEA
711719502814;PS4 GT Sport - LATAM;PS4;Software;PS4;SCEA
711719503422;PS4 The Last Guardian - LATAM;PS4;Software;PS4;SCEA
711719503767;PS4 Uncharted 4 - LATAM NFR;PS4;NFR Software;PS4;SCEA
711719506249;PS4 FIFA 2017 - LATAM - NFR;PS4;NFR Software;PS4;SCEA
884095175191;PS4 500GB BUNDLE SERDAN v.2;PS4;Hardware;PS4;SCEA
884095175184;PS3 500GB BUNDLE SERDAN v.1;PS3;Hardware;PS3;SCEA
93155171398;THE ELDER SCROLLS ONLINE: GOLD EDITION PS4;PS4;Software;PS4;BETHESDA
93155171381;THE ELDER SCROLLS ONLINE: GOLD EDITION XBONE;XBONE;Software;XBONE;BETHESDA
722674121002;PROJECT CARS COMPLETE EDITION - LATAM PS4;PS4;Software;PS4;BANDAI NAMCO
884095175177;PS4 500GB UNCHARTED COLL BNDL+ DS4 BLACK - AGO ALK;PS4;Hardware;PS4;SCEA
83717203148;METAL GEAR SOLID V THE DEFINITIVE EXPERIENCE - LATAM PS4;PS4;Software;PS4;KONAMI
83717302223;METAL GEAR SOLID V THE DEFINITIVE EXPERIENCE - LATAM XBONE;XBONE;Software;XBONE;KONAMI
83717203162;PRO EVOLUTION 2017 - LATAM PS4;PS4;Software;PS4;KONAMI
83717302247;PRO EVOLUTION 2017 - LATAM XBONE;XBONE;Software;XBONE;KONAMI
83717203186;PRO EVOLUTION 2017 - LATAM PS3;PS3;Software;PS3;KONAMI
83717302278;PRO EVOLUTION 2017 - LATAM XB360;XB360;Software;XB360;KONAMI
884095174132;PS3 500GB HW Bundle (CECH-4311C) + DS3 + 5 Games;PS3;Hardware;PS3;SCEA
93155171442;SKYRIM: SPECIAL EDITION PS4;PS4;Software;PS4;BETHESDA
93155171435;SKYRIM: SPECIAL EDITION XBONE;XBONE;Software;XBONE;BETHESDA
722674120951;GOD EATER 2: RAGE BURST DAY 1 EDITION;PS4;Software;PS4;BANDAI NAMCO
47875874367;CALL OF DUTY BLACK OPS 1&2 COMBO - FIRST STRIKE MAP - PS3;PS3;Software;PS3;ACTIVISION
47875874374;CALL OF DUTY BLACK OPS 1&2 COMBO - FIRST STRIKE MAP - XB360;XB360;Software;XB360;ACTIVISION
884095175108;PS4 500GB UNCHARTED COLL + TLOU REMASTERED HDWR BUNDLE (LATAM);PS4;Hardware;PS4;SCEA
884095174361;PS4 500GB HDWR BUNDLE UNCHARTED COLL + DS4 (LATAM);PS4;Hardware;PS4;SCEA
47875870369;XBONE SKYLANDERS: TRAP TEAM STARTERS XBONE;XBONE;Software;XBONE;ACTIVISION
47875871199;PS3 SKYLANDERS: TRAP TEAM STARTERS PS3;PS3;Software;PS3;ACTIVISION
47875870451;WII U SKYLANDERS: TRAP TEAM STARTERS WII U;WIIU;Software;WIIU;ACTIVISION
47875870291;PS4 SKYLANDERS: TRAP TEAM STARTERS PS4;PS4;Software;PS4;ACTIVISION
47875872325;SKYLANDERS TRAP TEAM FLIP WRECK CHARACTER;OTHER;Software;OTHER;ACTIVISION
47875872318;SKYLANDERS TRAP TEAM FLING KONG CHARACTER;OTHER;Software;OTHER;ACTIVISION
47875849921;SKYLANDERS TRAP TEAM WALLOP CHARACTER;OTHER;Software;OTHER;ACTIVISION
47875870024;SKYLANDERS TRAP TEAM KRYPT KING CHARACTER;OTHER;Software;OTHER;ACTIVISION
47875849938;SKYLANDERS TRAP TEAM WILDFIRE CHARACTER;OTHER;Software;OTHER;ACTIVISION
47875870017;SKYLANDERS TRAP TEAM JAWBREAKER CHARACTER;OTHER;Software;OTHER;ACTIVISION
47875870000;SKYLANDERS TRAP TEAM GUSTO CHARACTER;OTHER;Software;OTHER;ACTIVISION
47875871632;SKYLANDERS TRAP TEAM BLASTERMIND CHARACTER;OTHER;Software;OTHER;ACTIVISION
47875871939;SKYLANDERS TRAP TEAM TUFF LUCK CHARACTER;OTHER;Software;OTHER;ACTIVISION
47875871922;SKYLANDERS TRAP TEAM KA BOOM CHARACTER;OTHER;Software;OTHER;ACTIVISION
47875871373;SKYLANDERS TRAP TEAM AIR TRAP ;OTHER;Software;OTHER;ACTIVISION
47875871397;SKYLANDERS TRAP TEAM EARTH TRAP ;OTHER;Software;OTHER;ACTIVISION
47875871403;SKYLANDERS TRAP TEAM FIRE TRAP ;OTHER;Software;OTHER;ACTIVISION
47875871410;SKYLANDERS TRAP TEAM LIFE TRAP ;OTHER;Software;OTHER;ACTIVISION
47875871441;SKYLANDERS TRAP TEAM TECH TRAP ;OTHER;Software;OTHER;ACTIVISION
47875871458;SKYLANDERS TRAP TEAM UNDEAD TRAP ;OTHER;Software;OTHER;ACTIVISION
47875871465;SKYLANDERS TRAP TEAM WATER TRAP ;OTHER;Software;OTHER;ACTIVISION
47875871434;SKYLANDERS TRAP TEAM MAGIC TRAP ;OTHER;Software;OTHER;ACTIVISION
47875871038;SKYLANDERS TRAP TEAM KAOS TRAP;OTHER;Software;OTHER;ACTIVISION
47875872080;SKYLANDERS TRAP TEAM MIRROR OF MYSTERY;OTHER;Software;OTHER;ACTIVISION
711719505488;PS4 DS4 (CUH-ZCT1U 04) - Urban Camo - LATAM;PS4;Peripherals;PS4;SCEA
47875771475;GHOSTBUSTER PS4;PS4;Software;PS4;ACTIVISION
47875771499;GHOSTBUSTER XBONE;XBONE;Software;XBONE;ACTIVISION
47875878006;CALL OF DUTY BLACK OPS 3 GOLD EDITION W DLC PS4;PS4;Software;PS4;ACTIVISION
47875878013;CALL OF DUTY BLACK OPS 3 GOLD EDITION W DLC XBONE;XBONE;Software;XBONE;ACTIVISION
711719500919;UNCHARTED: DRAKES FORTUNE - FAVORITOS LATAM PS3;PS3;Software;PS3;SCEA
47875771352;TMNT MUTANTS IN MANHATTAN - PS3;PS3;Software;PS3;ACTIVISION
47875771376;TMNT MUTANTS IN MANHATTAN - PS4;PS4;Software;PS4;ACTIVISION
47875771390;TMNT MUTANTS IN MANHATTAN - XB360;XB360;Software;XB360;ACTIVISION
47875771413;TMNT MUTANTS IN MANHATTAN - XBONE;XBONE;Software;XBONE;ACTIVISION
47875878075;CALL OF DUTY MODERN WARFARE COLLECTION - PS3;PS3;Software;PS3;ACTIVISION
47875878068;CALL OF DUTY MODERN WARFARE COLLECTION - XB360;XB360;Software;XB360;ACTIVISION
722674120135;ONE PIECE BURNING BLOOD PS4;PS4;Software;PS4;BANDAI NAMCO
722674220347;ONE PIECE BURNING BLOOD XBONE;XBONE;Software;XBONE;BANDAI NAMCO
47875877672;OVERWATCH COLLECTORS EDITION ORIGINS PS4;PS4;Software;PS4;ACTIVISION
47875877689;OVERWATCH COLLECTORS EDITION ORIGINS XBONE;XBONE;Software;XBONE;ACTIVISION
47875729858;OVERWATCH COLLECTORS EDITION ORIGINS PC;PC;Software;PC;ACTIVISION
-;PS4 500GB HW Bundle (CUH-1215A) Uncharted Collection Oversleeve - LATAM ;PS4;Component;PS4;SCEA
711719502166;PS4 Uncharted 4 - Special Edition - LATAM;PS4;Software;PS4;SCEA
711719502197;PS4 Uncharted 4 - Libertalia Edition - LATAM;PS4;Software;PS4;SCEA
711719505167;PS4 Uncharted: The Nathan Drake Collection - LATAM - NFR;PS4;NFR Software;PS4;SCEA
711719505150;PS4 500GB HW Bundle (CUH-1215A) Uncharted The Nathan Drake Collection - LATAM;PS4;Hardware;PS4;SCEA
711719504733;PS4 Paragon - LATAM;PS4;Software;PS4;SCEA
711719501480;PS4 No Man's Sky - LATAM;PS4;Software;PS4;SCEA
47875874985;GUITAR HERO LIVE STANDALONE GUITAR PS3;PS3;Software;PS3;ACTIVISION
47875876095;GUITAR HERO LIVE STANDALONE GUITAR PS4;PS4;Software;PS4;ACTIVISION
47875876170;GUITAR HERO LIVE STANDALONE GUITAR Wii-U;WIIU;Software;WIIU;ACTIVISION
47875876125;GUITAR HERO LIVE STANDALONE GUITAR XB360;XB360;Software;XB360;ACTIVISION
47875876156;GUITAR HERO LIVE STANDALONE GUITAR XBONE;XBONE;Software;XBONE;ACTIVISION
93155170285;DOOM - LATAM PS4;PS4;Software;PS4;BETHESDA
93155170278;DOOM - LATAM XBONE;XBONE;Software;XBONE;BETHESDA
47875877627;OVERWATCH ORIGINS PS4;PS4;Software;PS4;ACTIVISION
47875877658;OVERWATCH ORIGINS XBONE;XBONE;Software;XBONE;ACTIVISION
711719503767;PS4 Uncharted 4: A Thief's End - LATAM - NFR;PS4;NFR Software;PS4;SCEA
711719501817;PS4 The Heavy Rain and Beyond: Two Souls Collection - LATAM;PS4;Software;PS4;SCEA
711719501244;PS4 Ratchet & Clank - LATAM;PS4;Software;PS4;SCEA
711719502272;PS4 500GB HW Bundle (CUH-1215A) Uncharted 4 - Limited Edition - LATAM;PS4;Hardware;PS4;SCEA
722674120388;NARUTO SHIPPUDEN: Ultimate Ninja Storm 4;PS4;Software;PS4;BANDAI NAMCO
887256019525;ASSASSINS CREED CHRONICLES - LATAM PS4;PS4;Software;PS4;UBISOFT
887256019532;ASSASSINS CREED CHRONICLES - LATAM XBONE;XBONE;Software;XBONE;UBISOFT
711719503620;PS4 DS4 (CUH-ZCT1U 10) - Gray Blue - LATAM ;PS4;Peripherals;PS4;SCEA
884095161149;PS3 500GB HW Bundle - (Estadoplay 3.0 + GT6 + PES 2016);PS3;Hardware;PS3;SCEA
887256017040;FAR CRY PRIMAL LIMITED EDITION PS4;PS4;Software;PS4;UBISOFT
887256014520;THE DIVISION LIMITED EDITION PS4;PS4;Software;PS4;UBISOFT
887256014537;THE DIVISION LIMITED EDITION XBONE;XBONE;Software;XBONE;UBISOFT
711719502029;PS4 500GB HW Bundle (CUH-1215A) Uncharted 4 - Limited Edition Bulk;PS4;Hardware;PS4;SCEA
1046463700025;PS3 500GB HW Bundle - (Flamingo) - (CECH-4311C + 6 SW);PS3;Hardware;PS3;SCEA
711719503309;PS4 PS4 500GB (CUH-1215A) BNDL - UNCHARTED ND COLLECTION;PS4;Hardware;PS4;SCEA
884095161125;PS4 Sidekick Bundle - (RIPLEY) - (DS4 + PS4 PES 2016) - LATAM;PS4;Peripherals;PS4;SCEA
884095161118;PS3 Sidekick Bundle - (RIPLEY) - (DS3 + PS3 PES 2016) - LATAM;PS3;Peripherals;PS3;SCEA
711719500858;PS3 God of War: Ascension - Favoritos LATAM;PS3;Software;PS3;SCEA
47875876491;CALL OF DUTY BLACK OPS 3 PS4 HARDENED CE;PS4;Software;PS4;ACTIVISION
47875876484;CALL OF DUTY BLACK OPS 3 PS4 JUGGERNOG CE;PS4;Software;PS4;ACTIVISION
47875876514;CALL OF DUTY BLACK OPS 3 XBONE HARDENED CE;XBONE;Software;XBONE;ACTIVISION
47875876507;CALL OF DUTY BLACK OPS 3 XBONE JUGGERNOG CE;XBONE;Software;XBONE;ACTIVISION
711719501787;THE LAST OF US -  NFR - LATAM PS3;PS3;NFR Software;PS3;SCEA
711719502616;LITTLE BIG PLANET 3 -  NFR - LATAM PS3;PS3;NFR Software;PS3;SCEA
711719908197;GOD OF WAR ASCENSION -  NFR - LATAM PS3;PS3;NFR Software;PS3;SCEA
711719915225;GRAN TURISMO 6 -  NFR - LATAM PS3;PS3;NFR Software;PS3;SCEA
722674120326;SWORD ART ONLINE: LOST SONG - LATAM PS4;PS4;Software;PS4;BANDAI NAMCO
887256015626;THE CREW WILD RUN PS4;PS4;Software;PS4;UBISOFT
887256015633;THE CREW WILD RUN - LATAM XBONE;XBONE;Software;XBONE;UBISOFT
47875771062;TONY HAWK PRO SKATER 5 PS3;PS3;Software;PS3;ACTIVISION
47875771086;TONY HAWK PRO SKATER 5 XB360;XB360;Software;XB360;ACTIVISION
711719501862;PS4 500GB HW Bundle (CUH-1215A) Limited Edition - Destiny The Taken King - LATAM;PS4;Hardware;PS4;SCEA
887256014711;Rainbow Six Siege Limited Edition Spanish PS4;PS4;Software;PS4;UBISOFT
887256014728;Rainbow Six Siege Limited Edition Spanish XBOX1;XBONE;Software;XBONE;UBISOFT
711719503163;PS4 Star Wars Battlefront - NFR - LATAM;PS4;NFR Software;PS4;SCEA
711719501985;PS4 500GB HW Bundle (CUH-1215A) Star Wars Battlefront - Limited Edition - LATAM;PS4;Hardware;PS4;SCEA
711719502784;FIFA 16 -  NFR - LATAM PS4;PS4;NFR Software;PS4;SCEA
722674120548;PS4 TALES OF ZESTERIA - LATAM PS4;PS4;Software;PS4;BANDAI NAMCO
722674111478;PS3 TALES OF ZESTIRIA - LATAM PS3;PS3;Software;PS3;BANDAI NAMCO
711719502012;PS4 500 GB (CUH-1215A)-STAR WARS BATTLEFRONT LE - BULK PS4;PS4;Hardware;PS4;SCEA
887256015084;ASSASSINS CREED SYNDICATE - LATAM PS4;PS4;Software;PS4;UBISOFT
887256015091;ASSASSINS CREED SYNDICATE - LATAM XBONE;XBONE;Software;XBONE;UBISOFT
722674220071;RIDE - LATAM XBONE;XBONE;Software;XBONE;BANDAI NAMCO
722674120081;RIDE - LATAM PS4;PS4;Software;PS4;BANDAI NAMCO
7707291466302;PS3 12G GoW 1 - 2 - 3 + DS3;PS3;Hardware;PS3;SCEA
722674120401;SAINT SEIYA SOLDIERS SOUL PS4;PS4;Software;PS4;BANDAI NAMCO
722674111911;SAINT SEIYA SOLDIERS SOUL PS3;PS3;Software;PS3;BANDAI NAMCO
47875770669;TONY HAWK PRO SKATER 5 PS4;PS4;Software;PS4;ACTIVISION
47875770683;TONY HAWK PRO SKATER 5 XBONE;XBONE;Software;XBONE;ACTIVISION
47875874565;CALL OF DUTY BLACK OPS 3 PS3 MEXICAN SPANISH;PS3;Software;PS3;ACTIVISION
47875874602;CALL OF DUTY BLACK OPS 3 PS4 MEXICAN SPANISH;PS4;Software;PS4;ACTIVISION
47875874640;CALL OF DUTY BLACK OPS 3 XBOX 360 MEXICAN SPANISH;XB360;Software;XB360;ACTIVISION
47875874688;CALL OF DUTY BLACK OPS 3 XBOX ONE MEXICAN SPANISH;XBONE;Software;XBONE;ACTIVISION
47875874879;GUITAR HERO LIVE XBOX ONE BUNDLE E/S;XBONE;Software;XBONE;ACTIVISION
47875874855;GUITAR HERO LIVE XBOX 360 BUNDLE E/S;XB360;Software;XB360;ACTIVISION
47875874893;GUITAR HERO LIVE WIIU BUNDLE E/S;WIIU;Software;WIIU;ACTIVISION
47875874831;GUITAR HERO LIVE PS4 BUNDLE E/S;PS4;Software;PS4;ACTIVISION
47875874817;GUITAR HERO LIVE PS3 BUNDLE E/S;PS3;Software;PS3;ACTIVISION
83717203063;PRO EVOLUTION SOCCER 2016 - ROLA  PS4;PS4;Software;PS4;KONAMI
83717203087;PRO EVOLUTION SOCCER 2016 - ROLA  PS3;PS3;Software;PS3;KONAMI
83717302094;PRO EVOLUTION SOCCER 2016 - ROLA  XBONE;XBONE;Software;XBONE;KONAMI
83717302131;PRO EVOLUTION SOCCER 2016 - ROLA  XB360;XB360;Software;XB360;KONAMI
711719501039;PS4 500GB (CUH-1215A) - JET BLACK - BULK;PS4;Hardware;PS4;SCEA
711719502630;GOD OF WAR 3 REMASTERED - NFR LATAM PS4;PS4;NFR Software;PS4;SCEA
83717202790;PS4 METAL GEAR SOLID: THE PHANTOM PAIN - ROLA - DAY 1 PS4;PS4;Software;PS4;KONAMI
83717202776;PS3 METAL GEAR SOLID: THE PHANTOM PAIN - ROLA - DAY 1 PS3;PS3;Software;PS3;KONAMI
83717301820;XBONE METAL GEAR SOLID: THE PHANTOM PAIN - ROLA - DAY 1 XBONE;XBONE;Software;XBONE;KONAMI
83717301806;XB360 METAL GEAR SOLID: THE PHANTOM PAIN - ROLA - DAY 1 XB360;XB360;Software;XB360;KONAMI
711719501282;Tearaway: Unfolded - LATAM;PS4;Software;PS4;SCEA
47875874404;PS3 Destiny The Taken King Legendary Edition Ps3 Latam;PS3;Software;PS3;ACTIVISION
47875874442;PS4 Destiny The Taken King Legendary Edition Ps4 Latam;PS4;Software;PS4;ACTIVISION
47875874480;XB360 Destiny The Taken King Legendary Edition Xbox 360 Latam;XB360;Software;XB360;ACTIVISION
47875874527;XBOne Destiny The Taken King Legendary Edition Xbox One Latam;XBONE;Software;XBONE;ACTIVISION
711719047315;PS4 Uncharted 4: A Thief's End - LATAM;PS4;Software;PS4;SCEA
711719502647;PS3 500GB HW Bundle (CECH-4311C) - TLOU, GoW Ascension, GT6, LBP3 - LATAM ;PS3;Hardware;PS3;SCEA
711719039617;PS4 DS4 (CUH-ZCT1U 01) - Magma Red - LATAM;PS4;Peripherals;PS4;SCEA
711719502692;PS4 DS4 (CUH-ZCT1U 05) - 20th Anniversary Ed. Gray - LATAM;PS4;Peripherals;PS4;SCEA
711719502104;PS4 500GB HW Bundle - God of War Remastered ROLA – LATAM ;PS4;Hardware;PS4;SCEA
711719501381;PS4 Uncharted Collection – LATAM ;PS4;Software;PS4;SCEA
711719503040;PS4 500GB HW Bundle - FIFA 2016 - (CUH-1215A);PS4;Hardware;PS4;SCEA
711719053132;PS4 Until Dawn – LATAM ;PS4;Software;PS4;SCEA
1046463700018;Combo PS3 12G + GOW 1-2-3 + PES 2015;PS3;Hardware;PS3;SCEA
711719501329;PS4 God of War 3 Remastered  - LATAM;PS4;Software;PS4;SCEA
711719051916;PS3 Estado Play 2.0 Agosto Alkosto;PS3;Hardware;PS3;SCEA
711719051886;PLAYSTATION 4 HARDWARE 500GB (CUH-1115A) - JET BLACK - LATAM PS4;PS4;Hardware;PS4;SCEA
711719500964;PS3 Estado Play 3.0 Bundle (500G+GoW Asc.+TLOU);PS3;Hardware;PS3;SCEA
7707291466296;PSV HW Bundle + Minecraft Vita;PSV;Hardware;PSV;SCEA
711719053170;PS4-3000295 BLOODBORNE - LATAM;PS4;Software;PS4;SCEA
711719051275;CUH-1115A B01;PS4;Hardware;PS4;SCEA
7707291465930;PS3250G/B+3SW(2NDTIER);PS3;Hardware;PS3;SCEA
7707291465923;PS312GB+3 SW(2NDTIER);PS3;Hardware;PS3;SCEA
7707291466128;PSVITA 2.0 + MDR-XB400;PSV;Hardware;PSV;SCEA
7707291466135;PS312G+GOW+LBPK+MGS;PS3;Hardware;PS3;SCEA
7707291466289;PS4 + KNACK B;PS4;Hardware;PS4;SCEA
7707291466111;PS3 + DESTINY NFR BUNDLE B;PS3;Hardware;PS3;SCEA
NA;CUH-1115A A20;PS4;Hardware;PS4;SCEA
7707291466029;PS3 12G + GoW Coll NFR B;PS3;Hardware;PS3;SCEA
7707291466289;PS4 + KNACK;PS4;Hardware;PS4;SCEA
7707291466272;COMBO PS3 500G + FIFA 15 + GoW Coll.;PS3;Hardware;PS3;SCEA
NA;CECH-4211A;PS3;Hardware;PS3;SCEA
NA;CECH-4211A;PS3;Hardware;PS3;SCEA
7707291466265;PS4 BLACK FRIDAY 2014 BUNDLE ;PS4;Hardware;PS4;SCEA
7707291466227;PS3 12G + MGS + LBPK+ TRTRILOGY;PS3;Hardware;PS3;SCEA
7707291466197;PS3 FAMILY PACK 4 JUEGO;PS3;Software;PS3;SCEA
7707291466098;PS3 + FIFA 15 NFR BUNDLE B;PS3;Hardware;PS3;SCEA
711719500780;PSV-3000798 PS VITA MINECRAFT VOUCHER;PSV;Software;PSV;SCEA
711719470229;PS4-3000643 GRAND THEFT AUTO V NFR LATAM;PS4;NFR Software;PS4;SCEA
711719500414;PS4-3000698 THE LAST OF US REMASTERED;PS4;NFR Software;PS4;SCEA
7707291466234;PS3 12 + DESTINY + LBPK + DS3 RED;PS3;Hardware;PS3;SCEA
7707291466227;PS3 12G + MGS + LBPK + TR TRILOGY;PS3;Hardware;PS3;SCEA
7707291466203;PS3 PACK HOLYDAY 3 JUEGOS;PS3;Software;PS3;SCEA
7707291466197;PS3 FAMILY PACK 4 JUEGOS;PS3;Software;PS3;SCEA
7707291466159;PS3 12G + GoW 3 + MGS Legacy + TR Trilogy;PS3;Hardware;PS3;SCEA
7707291466166;PS3 12G + FIFA 15 + DS3;PS3;Hardware;PS3;SCEA
NA;CECH-4211A;PS3;Hardware;PS3;SCEA
711719500599;PS3-3000734 PRO EVOLUTION SOCCER 2015;PS3;Software;PS3;SCEA
711719500575;PS4-3000732 PRO EVOLUTION SOCCER 2015;PS4;Software;PS4;SCEA
711719050964;PS3 HW 500GB (CECH-4311C) - LATAM;PS3;Hardware;PS3;SCEA
711719500278;PS4 The Evil Within - ROLA ;PS4;Software;PS4;SCEA
711719500292;PS3 The Evil Within - ROLA;PS3;Software;PS3;SCEA
711719053293;PS4 Minecraft - LATAM;PS4;Software;PS4;SCEA
711719050988;PS VITA Freedom Wars;PSV;Software;PSV;SCEA
711719053248;PS3 LittleBigPlanet 3 - LATAM;PS3;Software;PS3;SCEA
711719053217;PS4 LittleBigPlanet 3 - LATAM;PS4;Software;PS4;SCEA
711719100324;PS4 DRIVE CLUB - LATAM;PS4;Software;PS4;SCEA
711719051275;CUH-1115A B01;PS4;Hardware;PS4;SCEA
711719500056;PS3-3000644 DIGITALES - COUNTERSPY;PS3;Software;PS3;SCEA
711719500070;PS3-3000646 DIGITALES - HELLDIVERS;PS3;Software;PS3;SCEA
711719500087;PS3-3000647 DIGITALES - RAIN;PS3;Software;PS3;SCEA
711719500094;PS3-3000648 DIGITALES - DEAD NATION;PS3;Software;PS3;SCEA
7707291466081;PS4 + FIFA 15 DIGITAL NFR;PS4;Hardware;PS4;SCEA
7707291466104;PS4 + DESTINY NFR BUNDLE;PS4;Hardware;PS4;SCEA
7707291466111;PS3 + DESTINY NFR BUNDLE;PS3;Hardware;PS3;SCEA
7707291466098;PS3 + FIFA 15 NFR BUNDLE;PS3;Hardware;PS3;SCEA
7707291466074;Estado Play 2.0 Bundle;PS3;Hardware;PS3;SCEA
711719470014;PS3-3000590 DIABLO III REAPER OF SOULS U;PS3;Software;PS3;SCEA
711719470007;PS4-3000589 DIABLO III REAPER OF SOULS U;PS4;Software;PS4;SCEA
711719052685;PS3-3000490 METAL GEAR HD COLLECTION FAV;PS3;Software;PS3;SCEA
711719052722;PS3-3000494 SILENT HILL HD FAVORITOS LAT;PS3;Software;PS3;SCEA
711719052623;PS3-3000484 DMC DEVIL MAY CRY FAVORITOS;PS3;Software;PS3;SCEA
711719053057;PS3-3000555 DEAD OR ALIVE 5 ULTIMATE FAV;PS3;Software;PS3;SCEA
711719052784;PS3-3000500 THE WALKING DEAD - GAME OF T;PS3;Software;PS3;SCEA
NA;CUH-1115A B02;PS4;Hardware;PS4;SCEA
711719052951;PS3 BULK DS3 BLUE-FIFA 15 HW BUNDLE;PS3;NFR Peripherals;PS3;SCEA
711719053385;PS4-3000588 DIGITAL VOUCHER CODEFIFA2015;PS4;NFR Software;PS4;SCEA
NA;PS3-3000408 FIFA 15 NFR - LATAM;PS3;NFR Software;PS3;SCEA
NA;PS4-3000471 DESTINY NFR - LATAM;PS4;NFR Software;PS4;SCEA
NA;PS3-3000472 DESTINY NFR - LATAM;PS3;NFR Software;PS3;SCEA
711719992790;PS3-99279 PS3 KING OF FIGHTERS XIII - FA;PS3;Software;PS3;SCEA
711719039211;PS3-3000020 TOMB RAIDER TRILOGY HD FAVOR;PS3;Software;PS3;SCEA
711719039136;PS3-3000012 DEVIL MAY CRY HD COLLECTION;PS3;Software;PS3;SCEA
711719039068;PS3-3000005 TRANSFORMERS FALL OF CYBERTR;PS3;Software;PS3;SCEA
711719039051;PS3-3000004 THE AMAZING SPIDERMAN FAVORI;PS3;Software;PS3;SCEA
7707291466050;PS3 12G + MGS + LBPK + Infamous 2;PS3;Hardware;PS3;SCEA
7707291466043;COMBO PS3 12G + MGS + LBPK;PS3;Hardware;PS3;SCEA
7707291466005;Combo PSV HW 2.0 PreSale;PSV;Hardware;PSV;SCEA
7707291466012;Combo PS3 12G + GoW PreSale;PS3;Hardware;PS3;SCEA
7707291466029;COMBO PS3 12G + GoW Coll NFR;PS3;Hardware;PS3;SCEA
711719052050;PS3 Wolfenstein The New Order ;PS3;Software;PS3;SCEA
711719052036;PS4 Wolfenstein The New Order ;PS4;Software;PS4;SCEA
711719051817;PS4-3000289 THE LAST OF US REMASTERED;PS4;Software;PS4;SCEA
711719051053;PS VITA Hardware WiFi (PCH-2001) Bundle - 8GB, God of War Collection - LATAM;PSV;Hardware;PSV;SCEA
711719050773;PS VITA Sly Cooper Collection;PSV;Software;PSV;SCEA
711719051343;PS3 Minecraft;PS3;Software;PS3;SCEA
711719100447;PS4 THE ORDER 1886;PS4;Software;PS4;SCEA
711719051589;PSV-3000404 PS VITA THE WOLF AMONG US;PSV;Software;PSV;SCEA
711719051435;PSV The Walking Dead 2;PSV;Software;PSV;SCEA
711719051497;PS4 DS4 (CUH-ZCT1U 03) - Glacier White - LATAM;PS4;Peripherals;PS4;SCEA
711719039648;CUH-ZCT1U X - DS4 BLUE LATAM;PS4;Peripherals;PS4;SCEA
NA;PS3 God of War 1 & 2 Collection - LATAM Demosleeve NFR;PS3;NFR Software;PS3;SCEA
NA;PS4-3000412 PS4 FIFA 15 NFR - LATAM;PS4;NFR Software;PS4;SCEA
NA;BCUS-90674 UNCHARTED 3 LATAM BUNDLE;PS3;NFR Software;PS3;SCEA
NA;PS3-3000376 GOD OF WAR 3 - NFR LATAM EST;PS3;NFR Software;PS3;SCEA
711719051046;PS3 HW 12GB (CECH-4211A) -Bundle with GoW Collection;PS3;Hardware;PS3;SCEA
711719050896;PS3 HW 500GB (CECH-4211C) - LATAM;PS3;Hardware;PS3;SCEA
711719990307;PS3 EYE (SLEH-00448);PS3;Peripherals;PS3;SCEA
7707291465701;PS3 12G + SRS-BTS50/B;PS3;Hardware;PS3;SCEA
7707291465718;PS3 12G + SRS-BTS50/W;PS3;Hardware;PS3;SCEA
711719992288;BCUS-98242 PS3 FAVORITOS MOTORSTORM;PS3;Software;PS3;SCEA
711719221883;PSV-22188 GOD OF WAR COLLECTION;PSV;Software;PSV;SCEA
7707291465695;PS Vita + 2 Games + 4GB MC;PSV;Hardware;PSV;SCEA
711719050759;PS3 Metal Gear Solid: Ground Zeroes - ROLA;PS3;Software;PS3;SCEA
711719051008;PS4 Metal Gear Solid: Ground Zeroes - ROLA;PS4;Software;PS4;SCEA
711719992493;PS3 Favoritos Heavy Rain: Director's Cut;PS3;Software;PS3;SCEA
711719039280;PS3 Max Payne 3 Favoritos LATAM;PS3;Software;PS3;SCEA
711719039273;PS3 L.A. Noire Favoritos LATAM;PS3;Software;PS3;SCEA
711719039259;PS3 Red Dead Redemption Favoritos LATAM;PS3;Software;PS3;SCEA
7707291465633;PS Vita + SRS-BTS50/BCUC7;PSV;Hardware;PSV;SCEA
7707291465640;PS Vita + SRS-BTS50/WCUC7;PSV;Hardware;PSV;SCEA
7707291465657;PS Vita + SRS-BTS50/LCUC7;PSV;Hardware;PSV;SCEA
7707291465664;PS Vita + SRS-BTS50/RCUC7;PSV;Hardware;PSV;SCEA
7707291465671;PS Vita + SRS-BTS50/PCUC7;PSV;Hardware;PSV;SCEA
7707291465688;PS3 12G + MDR-XB920/BCLA;PS3;Hardware;PS3;SCEA
711719050551;PS3 Metal Gear Solid: Legacy (LATAM);PS3;Software;PS3;SCEA
7707291465626;PS3 DS3 Bundle (CECHZC2M) - WC2014;PS3;Peripherals;PS3;SCEA
7707291465619;PS3 250GB HW Bundle (CECH-4211B) - WC2014;PS3;Hardware;PS3;SCEA
711719992448;PS3 250GB S/A (CECH-4211B) (LATAM) - WC Bundle;PS3;Hardware;PS3;SCEA
NA;BALON ADIDAS FIFA 2014;NA;NA;NA;SCEA
7707291465190;DS3 + PES 2014;PS3;Peripherals;PS3;SCEA
711719039266;PS3 Red Dead Redemption: Undead Favoritos LATAM;PS3;Software;PS3;SCEA
711719039303;PS3-3000029 PS3 JUST DANCE 3 FAVORITOS;PS3;Software;PS3;SCEA
711719100461;PS4 Infamous Second Son -LATAM;PS4;Software;PS4;SCEA
711719039549;PSV Borderlands 2;PSV;Software;PSV;SCEA
711719100355;PS4 Hardware - LATAM;PS4;Hardware;PS4;SCEA
7707291465213;CONSOLA PS3 250 BLUE + GT6;PS3;Hardware;PS3;SCEA
NA;Gran Turismo 6 -NFR for HW bundle;PS3;NFR Software;PS3;SCEA
711719992479;PS3 Gran Turismo 6 - LATAM;PS3;Software;PS3;SCEA
711719770800;SCPH-90010CB;PS2;Hardware;PS2;SCEA
711719702603;SCPH-10010U;PS2;Peripherals;PS2;SCEA
711719804406;SCPH-10490U;PS2;Peripherals;PS2;SCEA
711719855200;PSP-S110 U;PSP;Peripherals;PSP;SCEA
711719220596;PCH-1010 ZA01;PSV;Hardware;PSV;SCEA
711719770800;SCPH-90010CB;PS2;Hardware;PS2;SCEA
711719851905;PSP-3010 PB;PSP;Hardware;PSP;SCEA
711719804208;CECHZM1U;PS3;Peripherals;PS3;SCEA
711719804604;CECHZR1U;PS3;Peripherals;PS3;SCEA
711719805007;CECHZC2U;PS3;Peripherals;PS3;SCEA
711719990802;CECH-4011B;PS3;Hardware;PS3;SCEA
711719990802;CECH-4011B;PS3;Hardware;PS3;SCEA
711719991601;CECH-4011B LW;PS3;Hardware;PS3;SCEA
7707291458307;PSP-3010 VB;PSP;Hardware;PSP;SCEA
711719801900;CECH-2011A;PS3;Hardware;PS3;SCEA
711719842002;CECH-2511A;PS3;Hardware;PS3;SCEA
711719842200;CECH-2511A SS;PS3;Hardware;PS3;SCEA
711719802402;CECH-3011A;PS3;Hardware;PS3;SCEA
711719802501;CECH-3011B;PS3;Hardware;PS3;SCEA
711719802402;CECH-3011A MB;PS3;Hardware;PS3;SCEA
711719812722;BCUS-98127  PS3 RATCHET & CLANK FUTURE;PS3;Software;PS3;SCEA
711719747925;SCUS-97479  ATV OFFROAD FURY 4;PS2;Software;PS2;SCEA
711719865322;UCUS-98653 PSP GOD OF WAR CHAINS OF OLYM;PSP;Software;PSP;SCEA
711719864820;UCUS-98648 PSP ATV OFFROAD FURY PRO;PSP;Software;PSP;SCEA
711719861829;UCUS-98618  PSP DAXTER;PSP;Software;PSP;SCEA
711719864523;UCUS-98645 PSP SOCOM FIRETEAM BRAVO 2;PSP;Software;PSP;SCEA
711719812029;PS3 RESISTANCE 2;PS3;Software;PS3;SCEA
711719804703;PLAYSTATION Eye SLEH-00201;PS3;Peripherals;PS3;SCEA
711719814825;BCUS-98199  PS3 Little Big Planet;PS3;Software;PS3;SCEA
14633154467;PS3 NBA Live 09;PS3;Software;PS3;SCEA
711719740223;BCUS-98116  PS3 Killzone 2;PS3;Software;PS3;SCEA
711719873129;UCUS-98731   PSP Loco Roco 2;PSP;Software;PSP;SCEA
711719859000;PSP -TRAVELER CASE;PSP;Peripherals;PSP;SCEA
3728;UCUS-98668  PSP Resistance Retribution;PSP;Software;PSP;SCEA
711719873228;UCUS-98732  PSP Patapon 2;PSP;Software;PSP;SCEA
717719748120;PS2 GOD OF WAR 2;PS2;Software;PS2;SCEA
711719732822;PS2 GRAN TURISMO 4;PS2;Software;PS2;SCEA
711719855101;PSP AUDIFONOS;PSP;Peripherals;PSP;SCEA
711719811923;BCUS-98119  PS3 Infamous;PS3;Software;PS3;SCEA
711719820826;BCUS-98208 PS3 Little Big Planet: Game;PS3;Software;PS3;SCEA
711719812326;BCUS-98123 PS3 Uncharted 2: Among Thieve;PS3;Software;PS3;SCEA
711719812425;BCUS-98124 PS3  Ratchet & Clank Future 2;PS3;Software;PS3;SCEA
711719874324;UCUS-98743 PSP MotorStorm: Artic Edge;PSP;Software;PSP;SCEA
711719873822;UCUS-98738 PSP NBA 10;PSP;Software;PSP;SCEA
711719765424;SCUS-97654 PS2 MotorStorm: Arctic Edge;PS2;Software;PS2;SCEA
711719863229;UCUS-98632 PSP Gran Turismo  K;PSP;Software;PSP;SCEA
711719766025;SCUS-97660  PS2 Singstar Latino  K;PS2;Software;PS2;SCEA
711719825029;BCUS-98250 PS3 Singstar Latino;PS3;Software;PS3;SCEA
711719822929;BCUS-98229 PS3 God of War 1&2 Collection;PS3;Software;PS3;SCEA
711719874423;PSP Little Big Planet;PSP;Software;PSP;SCEA
711719814627;BCUS-98146  PS3 White Knight Chronicles;PS3;Software;PS3;SCEA
711719811121;BCUS-98111 PS3 GOW 3;PS3;Software;PS3;SCEA
711719871620;UCUS-98716 PSP SOCOM: Fireteam Bravo 3;PSP;Software;PSP;SCEA
711719874126;UCUS-98741 PSP ModNation;PSP;Software;PSP;SCEA
711719816720;BCUS-98167 PS3 ModNation;PS3;Software;PS3;SCEA
711719220039;PSV WIPEOUT 2048;PSV;Software;PSV;SCEA
711719220053;PCSA-22005 PSV SMART AS LATAM SPECIFIC;PSV;Software;PSV;SCEA
711719220060;PCSA-22006 REALITY FIGHTER;PSV;Software;PSV;SCEA
711719220077;PSV GRAVITY RUSH;PSV;Software;PSV;SCEA
711719220084;PSV LITTLE DEVIANTS;PSV;Software;PSV;SCEA
711719220107;PSV HOTSHOTS GOLF;PSV;Software;PSV;SCEA
711719220183;PCSA22018 - LITTLEBIGPLANET;PSV;Software;PSV;SCEA
711719220220;PCSA-22022 PS VITA KILLZONE MERCENARY;PSV;Software;PSV;SCEA
711719220251;PCSA-22025 RESISTANCE BURNING SKIES;PSV;Software;PSV;SCEA
711719220268;PSV UNCHARTED GOLDEN ABYSS;PSV;Software;PSV;SCEA
711719220480;PCSA-22048 UNIT 13;PSV;Software;PSV;SCEA
711719220510;PSVITA COD BLACK OPS DECLASSIFIED LATAM;PSV;Hardware;PSV;SCEA
711719220527;PSV STARTER KIT;PSV;Peripherals;PSV;SCEA
711719220541;PSV LATAM BUNDLE;PSV;Hardware;PSV;SCEA
711719220602;PCSA-22060 PLAYSTATION ALL STARS;PSV;Software;PSV;SCEA
711719220770;PSV AC ADAPTOR PCH-ZAC1;PSV;Peripherals;PSV;SCEA
711719220787;PSV CAR ADAPTOR - PCH-ZCA1M;PSV;Peripherals;PSV;SCEA
711719220794;PSV USB CABLE - PCH-ZUC1;PSV;Peripherals;PSV;SCEA
711719220800;PSV CRADLE - PCH-ZCL1;PSV;Peripherals;PSV;SCEA
711719220824;PSV 4GB MEMORY CARD - PCH-Z041;PSV;Peripherals;PSV;SCEA
711719220831;PSV 8GB MEMORY CARD - PCH-Z081;PSV;Peripherals;PSV;SCEA
711719220848;PS VITA 16GB MEMORY CARD -  PCH-Z161;PSV;Peripherals;PSV;SCEA
711719220862;PSV CASE - PCH-ZOC1;PSV;Peripherals;PSV;SCEA
711719220886;PSV PROTECTIVE FILM - PCH-ZPF1 2 PACK;PSV;Peripherals;PSV;SCEA
711719220893;PSV CARD HOLDER - PCH-ZGC1;PSV;Peripherals;PSV;SCEA
711719220909;PCH-ZPC1 - PS VITA PORTABLE CHARGER;PSV;Peripherals;PSV;SCEA
711719221098;PCSA-22109 SOUL SACRIFICE;PSV;Software;PSV;SCEA
711719221203;PSVITA MGS LATAM HARDWARE BUNDLE;PSV;Hardware;PSV;SCEA
711719221272;PCSA-22127 VITA JAK DAXTER COLLECTION;PSV;Software;PSV;SCEA
711719221302;PCSA-22130 SLY COOPER 4 TIME BANDITS;PSV;Software;PSV;SCEA
711719221852;PCSA-22185 THE WALKING DEAD;PSV;Software;PSV;SCEA
711719221937;PCSA-22193 PS VITA EPIC MICKEY 2;PSV;Software;PSV;SCEA
711719900849;BCUS-90084 Uncharted 2 - NFR for PS3 Int;PS3;NFR Software;PS3;SCEA
711719016229;BCUS-90162 NFR CALL OF DUTY BLACK OPS;PS3;Software;PS3;SCEA
711719902577;BCUS-90257 PS3 PRO EVOLUTION SOCCER 2012;PS3;Software;PS3;SCEA
711719905363;PSVITA FIFA13 LATAM - NFR;PSV;NFR Software;PSV;SCEA
711719069423;BCUS-90694 KILLZONE 3 NOT FOR RESALE;PS3;NFR Software;PS3;SCEA
711719907695;BCUS-90769 NFR CALL OF DUTY MODERN WARFA;PS3;NFR Software;PS3;SCEA
711719908159;BCUS-90815 PS3 NFR PRO EVOLUTION SOCCER;PS3;NFR Software;PS3;SCEA
711719908166;BCUS-90816 PS3 NFR FIFA 2013;PS3;NFR Software;PS3;SCEA
711719908180;BCUS-90818 PS3 METAL GEAR SOLID RISING;PS3;Software;PS3;SCEA
711719909798;BCUS-90979 PS3 NFR ASSASSINS CREED 3;PS3;NFR Software;PS3;SCEA
711719911692;CECHYA-ZWA1;PS3;Peripherals;PS3;SCEA
711719914327;PS3 GOW BUNDLE CE STEELBOOK;PS3;Software;PS3;SCEA
NA;BCUS-91477 PS3 DIABLO III - LATAM NFR;PS3;NFR Software;PS3;SCEA
711719914792;CECHZC2M DS3 BLACK IN WHITE BOX (BULK);PS3;NFR Peripherals;PS3;SCEA
NA;PS3 PRO EVOLUTION SOCCER 2014 NFR BUNDLE;PS3;NFR Software;PS3;SCEA
NA;BCUS-91578 LITTLE BIG PLANET KARTING;PS3;NFR Software;PS3;SCEA
711719710127;SCUS-97101 TWISTED METAL BLACK;PS2;Software;PS2;SCEA
711719719922;SCUS-97199 RATCHET & CLANK;PS2;Software;PS2;SCEA
71719723028;SCUS-97230 SOCOM: NAVY SEALS 1 W/O HEADS;PS2;Software;PS2;SCEA
711719727927;SCUS-97279 PS2 RISE TO HONOR;PS2;Software;PS2;SCEA
7707291462700;BUNDLE CONSOLA PS3 250 GB + FIFA2013;PS3;Hardware;PS3;SCEA
7707291463219;BUNDLE CONSOLA PS3 250 GB + UBISOFT: ASS;PS3;Hardware;PS3;SCEA
7707291463592;BUNDLE PS3 MOVE WHEEL + LBP KARTING;PS3;Peripherals;PS3;SCEA
7707291464339;BUNDLE CONSOLA PS3 250 GB + MGR;PS3;Hardware;PS3;SCEA
7707291464773;Consola PSP +  Traveller Case +GT;PSP;Hardware;PSP;SCEA
7707291464865;CONSOLA PS3 250 BCK+DS3+2 GAMES;PS3;Hardware;PS3;SCEA
7707291465152;DS3 + DIABLO;PS3;Peripherals;PS3;SCEA
7707291465169;CONSOLA PS3 250 BCK +  GRAND THEFT;PS3;Hardware;PS3;SCEA
7707291465176;CONSOLA PS3 250 BCK + DS3 +  PES2014;PS3;Hardware;PS3;SCEA
7707291465183;CONSOLA PS3 LCHD + LBPK;PS3;Hardware;PS3;SCEA
7707291465190;DS3 + PES2014;PS3;Peripherals;PS3;SCEA
7707291465206;WIRED HEADSET + BEYOND;PS3;Peripherals;PS3;SCEA
711719100355;PS4 Hardware - LATAM;PS4;Hardware;PS4;SCEA
711719100393;PS4 DS4 - Black - LATAM;PS4;Peripherals;PS4;SCEA
711719100423;PS4 Camera - LATAM;PS4;Peripherals;PS4;SCEA
711719100485;PS4 KILLZONE SHADOW FALL;PS4;Software;PS4;SCEA
711719100508;PS4 KNACK;PS4;Software;PS4;SCEA
711719221241;PCSA-22124 PS VITA TEARAWAY;PSV;Software;PSV;SCEA
711719018827;BCUS-90188 GET FIT WITH MEL B (MC);PS3;Software;PS3;SCEA
711719733027;SCUS-97330 JAK III;PS2;Software;PS2;SCEA
711719736226;SCUS-97362 SYPHON FILTER: DARK MIRROR;PS2;Software;PS2;SCEA
711719747420;SCUS-97474 SOCOM 3;PS2;Software;PS2;SCEA
711719747925;SCUS-97479 ATV OFFROAD FURY 4;PS2;Software;PS2;SCEA
711719754527;SCUS-97545 SOCOM 3 COMBINED ASSAULT;PS2;Software;PS2;SCEA
711719755821;SCUS-97558 JAK & DAXTER: THE LOST;PS2;Software;PS2;SCEA
711719762126;SCUS-97621 TWISTED METAL: HEAD ON;PS2;Software;PS2;SCEA
711719806905;CECHZK1MX WIRELESS KEY PAD;PS3;Peripherals;PS3;SCEA
711719807605;CECH-ZDC1U;PS3;Peripherals;PS3;SCEA
711719809906;CECHYA-0076;PS3;Peripherals;PS3;SCEA
711719810001;CECHYA-ZRA1;PS3;Peripherals;PS3;SCEA
711719810322;BCUS-98103 UNCHARTED: DRAKES FORTUNE;PS3;Software;PS3;SCEA
711719810728;BCUS-98107 RESISTANCE: FALL OF MAN;PS3;Software;PS3;SCEA
711719811626;BCUS-98116 KILLZONE 2;PS3;Software;PS3;SCEA
711719811923;BCUS-98119 INFAMOUS;PS3;Software;PS3;SCEA
711719812029;BCUS-98120 RESISTANCE 2;PS3;Software;PS3;SCEA
711719812326;BCUS-98123 UNCHARTED 2: AMONG THIEVES;PS3;Software;PS3;SCEA
711719812425;BCUS-98124 RATCHET & CLANK FUTURE 2;PS3;Software;PS3;SCEA
711719812722;BCUS-98127 RATCHET & CLANK FUTURE: TOOLS;PS3;Software;PS3;SCEA
711719813521;BCUS-98135 SOCOM 4;PS3;Software;PS3;SCEA
711719815525;BCUS-98155 MOTORSTORM: PACIFIC RIFT;PS3;Software;PS3;SCEA
711719981756;BCUS-98175 RATCHET;PS3;Software;PS3;SCEA
711719817628;BCUS-98176 RESISTANCE 3;PS3;Software;PS3;SCEA
711719817727;BCUS-98177 PS3 CHAMPION MC;PS3;Software;PS3;SCEA
711719818120;BCUS-98181 STARHAWK;PS3;Software;PS3;SCEA
711719820826;BCUS-98208 PS3 LITTLE BIG PLAN;PS3;Software;PS3;SCEA
711719821427;BCUS-98214 EYE PET MC;PS3;Software;PS3;SCEA
711719822028;BCUS-98220 PS3 START THE PARTY;PS3;Software;PS3;SCEA
711719822226;BCUS-98222 PS3 THE SHOOT MC;PS3;Software;PS3;SCEA
711719822929;BCUS-98229 GOD OF WAR 1 & 2 COLLECTION;PS3;Software;PS3;SCEA
711719823520;BCUS-98235 EYEPET & FRIENDS;PS3;Software;PS3;SCEA
711719824824;BCUS-98248 PLAYSTATION HEROES MC PS3;PS3;Software;PS3;SCEA
711719982715;BCUS-98271 CARNIVAL ISLAND;PS3;Software;PS3;SCEA
711719982821;BCUS-98282 RYC COLLECTION (PS2 UP-RES);PS3;Software;PS3;SCEA
711719828921;BCUS-98289 GOD OF WAR ORIGINS COLLECTION;PS3;Software;PS3;SCEA
711719836520;BCUS-98365 EVERYBODY DANCE;PS3;Software;PS3;SCEA
711719837527;BCUS-98375 Uncharted 1&2 Collection;PS3;Software;PS3;SCEA
711719983941;BCUS-98394 GRAN TURISMO GAME OF THE YEAR;PS3;Software;PS3;SCEA
711719983958;BCUS-98395 MEDIEVAL MOVES DEADMUNDS QUES;PS3;Software;PS3;SCEA
711719984665;BCUS-98466 EVERYBODY DANCE 2;PS3;Software;PS3;SCEA
711719984757;DUALSHOCK 3 WIRELESS CONTROLER BLUE;PS3;Peripherals;PS3;SCEA
711719984764;DUALSHOCK 3 WIRELESS CONTROLER SS;PS3;Peripherals;PS3;SCEA
711719859000;PSP TRAVELER CASE;PSP;Peripherals;PSP;SCEA
711719860921;UCUS-98609 PSP APE ESCAPE: ON THE LOOSE;PSP;Software;PSP;SCEA
711719863229;UCUS-98632 GRAN TURISMO;PSP;Software;PSP;SCEA
711719863328;UCUS-98633 RATCHET PSP SIZE MATTERS;PSP;Software;PSP;SCEA
711719865322;UCUS-98653 PSP GOD OF WAR CHAINS OLYM;PSP;Software;PSP;SCEA
711719866824;UCUS-98668 PSP RESISTANCE RETRIBUTION;PSP;Software;PSP;SCEA
711719869726;UCUS-98697 SECRET AGENT CLANK;PSP;Software;PSP;SCEA
711719871620;UCUS-98716 SOCOM FIRETEAM BRAVO 3;PSP;Software;PSP;SCEA
711719873723;UCUS-98737 GOD OF WAR  SPARTA S A;PSP;Software;PSP;SCEA
711719987727;PSP LATAM GAMER KIT CORE;PSP;Hardware;PSP;SCEA
711719990062;DUALSHOCK 3 wireless controller  (PB);PS3;Peripherals;PS3;SCEA
711719990239;CECH-ZCM1M;PS3;Peripherals;PS3;SCEA
711719990260;CECH-ZCS1M;PS3;Peripherals;PS3;SCEA
711719990420;BCUS-99042 PS3 SLY COOPER;PS3;Software;PS3;SCEA
711719990437;CECHYA-0088;PS3;Peripherals;PS3;SCEA
711719990482;PS3 ADVENTURE GAME PACK BUNDLE;PS3;Software;PS3;SCEA
711719990499;PS3 FAMILY GAME PACK BUNDLE;PS3;Software;PS3;SCEA
711719990505;PS3 HARDCORE GAME PACK BUNDLE;PS3;Software;PS3;SCEA
711719990512;PS3 GOD OF WAR OMEGA COLLECTION BUNDLE;PS3;Software;PS3;SCEA
711719990604;PS3 KILLZONE LATAM PERIPHERAL BUNDLE;PS3;Peripherals;PS3;SCEA
711719990741;BCUS-99074 INFAMOUS COLLECTION;PS3;Software;PS3;SCEA
711719990758;BCUS-99075 KILLZONE COLLECTION;PS3;Software;PS3;SCEA
711719990871;BCUS-99087 GOD OF WAR: ASCENSION (LATAM);PS3;Software;PS3;SCEA
711719990895;BCUS-99089 PS3 LITTLE BIG PLANET KARTING;PS3;Software;PS3;SCEA
711719990901;BCUS-99090 PS3 PLAYSTATION ALL STARS;PS3;Software;PS3;SCEA
711719990918;BCUS-99091 SPORT CHAMPION 2;PS3;Software;PS3;SCEA
711719990970;BCUS-99097 WONDERBOOK - BOOK OF SPELLS;PS3;Software;PS3;SCEA
711719991021;PS3 MOVE HW BUNDLE LATAM;PS3;Hardware;PS3;SCEA
711719991250;PS3 MOVE SW BUNDLE BOOK OF SPELLS WITH;PS3;Peripherals;PS3;SCEA
711719991342;BCUS-99134 BEYOND LATAM SPECIFIC;PS3;Software;PS3;SCEA
711719991359;BCUS-99135 PUPPETEER;PS3;Software;PS3;SCEA
711719991731;PS3 GOW DS3 BUNDLE;PS3;Peripherals;PS3;SCEA
711719991830;BCUS-98174 THE LAST OF US;PS3;Software;PS3;SCEA
711719991847;BCUS-99184 RESISTANCE COLLECTION;PS3;Software;PS3;SCEA
711719992004;CECHZC2M - DUALSHOCK 3 RED;PS3;Peripherals;PS3;SCEA
711719992059;BCUS-99205 PS3 BEST OF PSN VOLUME 1;PS3;Software;PS3;SCEA
711719992066;PS3 MOVE ESSENTIALS BUNDLE - LATAM;PS3;Peripherals;PS3;SCEA
711719992110;DUALSHOCK 3 WIRELESS CONTROLLER CAMUFLAG;PS3;Peripherals;PS3;SCEA
711719992134;PS3 DS3 BUNDLE - DS3 BLACK CALL OF DUTY;PS3;Peripherals;PS3;SCEA
711719992141;PS3 SIDEKICK BUNDLE PS ALL STARS;PS3;Peripherals;PS3;SCEA
711719992172;BCUS-98365 PS3 FAVORITOS EVERYBODY DANCE;PS3;Software;PS3;SCEA
711719992189;BCUS-98111 PS3 FAVORITOS GOD OF WAR 3;PS3;Software;PS3;SCEA
711719992202;BCUS-98394 PS3 FAVORITOS GRAN TURISMO XL;PS3;Software;PS3;SCEA
711719992226;BCUS-98125 PS3 FAVORITOS INFAMOUS 2;PS3;Software;PS3;SCEA
711719992240;BCUS-98116 PS3 FAVORITOS KILLZONE 2;PS3;Software;PS3;SCEA
711719992257;BCUS-98234 PS3 FAVORITOS KILLZONE 3;PS3;Software;PS3;SCEA
711719992301;BCUS-98175 PS3 FAVORITOS RATCHET CLANK;PS3;Software;PS3;SCEA
711719992332;BCUS-98123 PS3 FAVORITOS UNCHARTED 2 AMO;PS3;Software;PS3;SCEA
711719992349;BCUS-98379 PS3 FAVORITOS UNCHARTED 3 DRA;PS3;Software;PS3;SCEA
711719992356;PS3 WonderBook: Book of Potions;PS3;Software;PS3;SCEA
711719992431;PS3 HW 12GB - CECH-4211A LATAM;PS3;Hardware;PS3;SCEA
711719992448;PS3 250GB S/A (CECH-4211B) (LATAM);PS3;Hardware;PS3;SCEA
711719992486;BCUS-98229 PS3 FAVORITOS GOD OF WAR 1 2;PS3;Software;PS3;SCEA
711719992509;BCUS-98377 PS3 FAVORITOS JOURNEY COMPILA;PS3;Software;PS3;SCEA
711719992516;BCUS-98176 PS3 FAVORITOS RESISTANCE 3;PS3;Software;PS3;SCEA
711719992523;BCUS-98176 PS3 FAVORITOS RESISTANCE 3;PS3;Software;PS3;SCEA
711719039709;PS3 EVERYBODY DANCE 3;PS3;Software;PS3;SCEA
711719992813;PS3 250GB HW - CECH-4211B AZ AZURITE BLU;PS3;Hardware;PS3;SCEA
NA;PS3-3000002 BEYOND LATAM NFR;PS3;NFR Software;PS3;SCEA
711719039075;PS3-3000006 CALL OF DUTY 4 MODERN WARFAR;PS3;Software;PS3;SCEA
711719039167;PS3-3000015 METAL GEAR SOLID 4 FAVORITOS;PS3;Software;PS3;SCEA
711719039198;PS3-3000018 BAYONETTA FAVORITOS;PS3;Software;PS3;SCEA
711719039235;PS3-3000022 BORDERLANDS FAVORITOS;PS3;Software;PS3;SCEA
711719039242;PS3-3000023 BIOSHOCK FAVORITOS;PS3;Software;PS3;SCEA
711719039297;PS3-3000028 ASSASSINS CREED REVELATION;PS3;Software;PS3;SCEA
711719039310;PS3-3000030 RAYMAN ORIGINS FAVORITOS;PS3;Software;PS3;SCEA
NA;PS3 GTA V - NFR;PS3;NFR Software;PS3;SCEA
711719039761;PS3 Wonderbook: Walking with Dinosaurs / Diggs Nightcrawler - LATAM;PS3;Software;PS3;SCEA
711719864523;UCUS-98645 SOCOM:FIRETEAM BRAVO 2;PSP;Software;PSP;SCEA
711719732822;PS2 GRAN TURISMO 4 SCUS-97328;PS2;Software;PS2;SCEA
711719739920;SCUS-97399 GOD OF WAR;PS2;Software;PS2;SCEA
711719761525;Ratchet & Clank: Size Matters;PS2;Software;PS2;SCEA
711719976639;PS2 LATAM GAMER KIT CORE;PS2;Hardware;PS2;SCEA
711719771906;PS2 LATAM GAMER KIT CORE;PS2;Hardware;PS2;SCEA
711719772200;PlayStation®2 Core Bundle -PS2,DS2,8MB MC & Budget Sfw: SOCOM 3, ATV Offroad Fury 4,GOW-;PS2;Hardware;PS2;SCEA
711719772200;PlayStation®2 Core Bundle -PS2,DS2,8MB MC & Budget Sfw: SOCOM 3, ATV Offroad Fury 4,GOW-;PS2;Hardware;PS2;SCEA
711719806103;Move Motion Controller - Black (Latam);PS3;Peripherals;PS3;SCEA
711719806202;CECH-ZCS1M;PS3;Peripherals;PS3;SCEA
711719810629;BCUS-98106 TWISTED METAL;PS3;Software;PS3;SCEA
711719820321;BCUS-98203 SORCERY MC;PS3;Software;PS3;SCEA
711719824527;BCUS-98245 LITTLE BIG PLANET 2;PS3;Software;PS3;SCEA
711719825920;BCUS-98259 ICO SHADOW OF COLOSSUS CE;PS3;Software;PS3;SCEA
711719827023;BCUS-98270 PS3 KUN FU RIDER;PS3;Software;PS3;SCEA
711719828624;KILLZONE 3 3D PS3 ;PS3;Software;PS3;SCEA
711719844907;HW MC Kit-PS3 Console/Move Motion Controller/PS Eye/Sport Champion;PS3;Hardware;PS3;SCEA
711719860624;PSP Syphon Filter: Logan´s Shadow;PSP;Software;PSP;SCEA
711719976639;PS2 LATAM GAMER KIT CORE;PS2;Hardware;PS2;SCEA
711719976646;PS2 Core Bundle (PS2 + DS2 + Gran Turismo 4);PS2;Hardware;PS2;SCEA
711719983774;BCUS-98377 JOURNEY COMPILATION (FLOWER);PS3;Software;PS3;SCEA
711719983798;BCUS-98379 UNCHARTED 3 LATAM SPECIFIC;PS3;Software;PS3;SCEA
711719827320;PS3 MOVE HW BUNDLE W NEW PS3 CECH-3011A- LATAM NEW;PS3;Hardware;PS3;SCEA
711719984511;PS3 MOVE HW BUNDLE W NEW PS3 CECH-3011A;PS3;Hardware;PS3;SCEA
711719810322;PS3 UNCHARTED: DRAKE´S FORTUNE;PS3;Software;PS3;SCEA
711719810728;PS3 RESISTANCE FALL OF MAN;PS3;Software;PS3;SCEA
7117197012181;Consola PSP+PES2009+Estuche;PSP;Hardware;PSP;SCEA
7707291458215;COMBO PSP+GRAN TURISMO+ESTUCHE;PSP;Hardware;PSP;SCEA
7707291458277;PS2+SINGSTAR LATINO;PS2;Hardware;PS2;SCEA
7707291459533;Combo PS3 + Modnation Racers + Control;PS3;Hardware;PS3;SCEA
7707291461062;COMBO PS3 160Gb + PES2011 + CONTROL;PS3;Hardware;PS3;SCEA
7707291462687;DS3 + Activision 2 Games: COD & MW3 -Bundle -Local Assembled;PS3;Peripherals;PS3;SCEA
7707291462694;BUNDLE PS3 160 GB + COD MW3 + COD BO;PS3;Hardware;PS3;SCEA
7707291455115;ULUS-10388  PSP Pro-Evolution Soccer2009;PSP;Software;PSP;SCEA
7707291461413;CECH-3011A MB + BCUS-90257 PS3 PRO EVOLUTION SOCCER 2012;PS3;Hardware;PS3;SCEA
7707291462953;BCUS-90816 PS3 NFR FIFA 2013 + DUALSHOCK 3 wireless controller  (PB);PS3;Software;PS3;SCEA
7707291463066;PCH-1010 ZA01 + PSV 4GB MEMORY CARD - PCH-Z041;PSV;Hardware;PSV;SCEA
;SCPH-10490U;PS3;Peripherals;PS3;SCEA
;BCUS-98111 GOD OF WAR III;PS3;Software;PS3;SCEA
;CECHZR1U;PS3;Peripherals;PS3;SCEA
;BCUS-98167 MOD NATION: RACERS;PS3;Software;PS3;SCEA
;PS2 RISE TO HONOR;PS2;Software;PS2;SCEA
;The Con UCUS-98621;PSP;Software;PSP;SCEA
;UCUS-98618  PSP DAXTER;PSP;Software;PSP;SCEA
;UCUS-98731   PSP Loco Roco 2;PSP;Software;PSP;SCEA
;BCUS-90693 SOCOM 4 FOR L;PS3;Software;PS3;SCEA
;SCUS-97130 HOT SHOTS GOL;PS2;Software;PS2;SCEA
;SCUS-97197 WAR OF MONSTERS;PS2;Software;PS2;SCEA
;SOCOM II;PS2;Software;PS2;SCEA
;PS2 EYE TOY :GROVEE;PS2;Peripherals;PS2;SCEA
;Killzone™  ;PS2;Software;PS2;SCEA
;Shadow of the colossus SCUS-97472;PS2;Software;PS2;SCEA
;SCUS-97464 SLY 3 HONOR AMONG THIEVES;PS2;Software;PS2;SCEA
;GOD OF WAR II;PS2;Software;PS2;SCEA
;CAMARA+JUEGO EYE TOY PLAY 2 PS2;PS2;Peripherals;PS2;SCEA
;PlayStation®2 Sidekick Bundle  -DS2,8MB MC & Budget Sfw: Jak & Daxter II -;PS2;Peripherals;PS2;SCEA
;Move Motion Controller Shooting Grip;PS3;Peripherals;PS3;SCEA
;CECHZC2M;PS3;Peripherals;PS3;SCEA
;WIRELESS CONTROLLER;PS3;Peripherals;PS3;SCEA
;Charging Station PlayStation Move;PS3;Peripherals;PS3;SCEA
;BCUS-98110 PS3 MAG;PS3;Software;PS3;SCEA
;PS3 MOTORSTORM;PS3;Software;PS3;SCEA
;PS3 GRAN TURISMO 5 PROLOGUE;PS3;Software;PS3;SCEA
;BCUS-98162 WARHAWK;PS3;Software;PS3;SCEA
;BCUS-98164  PS3 Heavy Rain;PS3;Software;PS3;SCEA
;Juego PS3 Socom Us Navy Seal;PS3;Software;PS3;SCEA
;MotorStorm Apocalypse 3D;PS3;Software;PS3;SCEA
;The Fight Lights Out (MC);PS3;Software;PS3;SCEA
;BCUS-98261 HIGH VELOCITY BOWLING (MC);PS3;Software;PS3;SCEA
;PS3 SW MC KIT SPORT CHAMPION MOVE MOTION;PS3;Peripherals;PS3;SCEA
;BCUS-98293 INFAMOUS 2;PS3;Software;PS3;SCEA
;BCUS-98372 LBP2 SPECIAL EDITION;PS3;Software;PS3;SCEA
;PlayStation®3 Sidekick Bundle  - DS Controller (Black) & Blu-ray Disc Remote Control-2;PS3;Peripherals;PS3;SCEA
;Adaptador de Corriente PSP;PSP;Peripherals;PSP;SCEA
;PSP CABLE VIDEOCOMPONENTE;PSP;Peripherals;PSP;SCEA
;PSP STARTER KIT;PSP;Peripherals;PSP;SCEA
;PSP NEW UMD CASE;PSP;Peripherals;PSP;SCEA
;PSP Twisted Metal Head On;PSP;Software;PSP;SCEA
;Hot Shots Golf: Open Tee;PSP;Software;PSP;SCEA
;PSP SOCOM U.S. Navy SEALs Fireteam Bravo;PSP;Peripherals;PSP;SCEA
;Kill Zone: Liberation  UCUS-98646;PSP;Software;PSP;SCEA
;PSP CORE BUNDLE -PSP + T;PSP;Hardware;PSP;SCEA
;PS3 SIDEKICK BUNDLE C CECHZC2M + BD REMO;PS3;Peripherals;PS3;SCEA
;PS3 SIDEKICK BUNDLE A;PS3;Peripherals;PS3;SCEA
;PS2+PES2009+CONTROL;PS2;Hardware;PS2;SCEA
;Kit PS3 Sony 80Gb+GT5+Resist 2;PS3;Hardware;PS3;SCEA
;PS3 120Gb +Uncharted 2;PS3;Hardware;PS3;SCEA
;COMBO PS2 + 2 CONTROLES + SINGSTAR LATINO;PS2;Hardware;PS2;SCEA
;PS3 120GB;PS3;Hardware;PS3;SCEA
;Combo PS3 FWC;PS3;Peripherals;PS3;SCEA
;COMBO PSP + ESTUCHE + 2JUEGOS;PSP;Hardware;PSP;SCEA
;COMBO PS3 + 3 JUEGOS GREATEST HITS;PS3;Hardware;PS3;SCEA
;COMBO PS2 + TWISTED METAL + CONTROL;PS2;Hardware;PS2;SCEA
;Combo PS3 + Ratchet + Control;PS3;Hardware;PS3;SCEA
;COMBO PS2 + 1 CONTROL + PES2011;PS2;Hardware;PS2;SCEA
;COMBO PS3 160Gb + FIFA2011 + CONTROL + CABLE HDMI;PS3;Hardware;PS3;SCEA
;COMBO PS3 160Gb + GT5 + Sidekick bundle;PS3;Hardware;PS3;SCEA
;COMBO PS3 160Gb + KIT-Sport champion;PS3;Hardware;PS3;SCEA
;COMBO PS3 160Gb + FIFA2011 + CONTROL;PS3;Hardware;PS3;SCEA
;COMBO CONSOLA PS3 + SOCOM 4 + 1 CONTROL;PS3;Hardware;PS3;SCEA
;COMBO PS3 160GB + INFAMOUS;PS3;Hardware;PS3;SCEA
;COMBO PS3 160Gb + PES2011 + CONTROL;PS3;Hardware;PS3;SCEA
;CONTROL DUALSHOCK + PES 2012;PS3;Peripherals;PS3;SCEA
;COMBO PS3 160 GB + MODNATION RACERS;PS3;Hardware;PS3;SCEA
;UNCHARTED 3 LATAM BUNDLE;PS3;Software;PS3;SCEA
;UCUS-98648 PSP ATV OFFROAD FURY PRO;PSP;Software;PSP;SCEA
;BCUS-98199  PS3 Little Big Planet;PS3;Software;PS3;SCEA
;UCUS-98732  PSP Patapon 2;PSP;Software;PSP;SCEA
;UCUS-98743 PSP MotorStorm: Artic Edge;PSP;Software;PSP;SCEA
;SCUS-97660  PS2 Singstar Latino  K;PS2;Software;PS2;SCEA
;SCUS-97660  PS2 Singstar Latino  K;PS2;Software;PS2;SCEA
;BCUS-98146  PS3 White Knight Chronicles;PS3;Software;PS3;SCEA
;UCUS-98741 PSP ModNation;PSP;Software;PSP;SCEA
;Ratchet: Deadlocked SCUS-97465;PS2;Software;PS2;SCEA
;Motorstorm: Arctic Edge;PS2;Software;PS2;SCEA
;UCUS-98738 PSP NBA 10;PSP;Software;PSP;SCEA
;PSP-100U;PSP;Peripherals;PSP;SCEA
;SCPH-10020;PS2;Peripherals;PS2;SCEA
;SCUS-97600 EYE TOY USB CAMERA;PS2;Peripherals;PS2;SCEA
;PSP TIGER WOODS PGA TOUR 2010;PSP;Software;PSP;SCEA
;UCUS-98588 PSP STARTER KIT;PSP;Peripherals;PSP;SCEA
;UCUS-98744 PSP Little BIg Planet K;PSP;Software;PSP;SCEA
;BCUS-98110 PS3 MAG;PS3;Software;PS3;SCEA
;BCUS-98164  PS3 Heavy Rain;PS3;Software;PS3;SCEA
;UCUS-98649 PSP SOCOM Tactical Strike;PSP;Software;PSP;SCEA
;BCUS-90176 INFAMOUS 2 FOR MEXICO BUNDLE;PS3;Software;PS3;SCEA
;PS3 UNCHARTED 3 THEMED FACEPLATE FOR BUN;PS3;Peripherals;PS3;SCEA
;SCPH-10010U;PS2;Peripherals;PS2;SCEA
;SLEH-00201;PS3;Peripherals;PS3;SCEA
;CECHZC2U;PS3;Peripherals;PS3;SCEA
;CECHZC2M;PS3;Peripherals;PS3;SCEA
;BCUS-98114 GT5;PS3;Software;PS3;SCEA
;PS3 RESISTANCE 3 3DMC LATAM SHARPSHOOTER;PS3;Peripherals;PS3;SCEA
;PSP-S110U;PSP;Peripherals;PSP;SCEA
;SCPH-79010CB;PS3;Hardware;PS3;SCEA
;PSP-2010 PB;PSP;Hardware;PSP;SCEA
;PSP-330 U;PSP;Hardware;PSP;SCEA
;PSP-3010 PB;PSP;Hardware;PSP;SCEA
;CECHH11;PS3;Hardware;PS3;SCEA
;CECHZC1U;PS3;Peripherals;PS3;SCEA
;CECHZC2U LW;PS3;Peripherals;PS3;SCEA
;BCUS-98107 PS3 RESISTANCE FALL OF MAN;PS3;Software;PS3;SCEA
;SCUS-97402  KILL ZONE;PS2;Software;PS2;SCEA
;BCUS-98137 PS3 MOTORSTORM;PS3;Software;PS3;SCEA
;BCUS-98155 Motorstorm: Pacific Rift;PS3;Software;PS3;SCEA
;BCUS-98183 Socom US Navy Seals: Confront;PS3;Software;PS3;SCEA
;BCUS-98120 Resistance 2;PS3;Software;PS3;SCEA
;SLUS-21821  PS2 Pro-Evolution Soccer2009;PS2;Software;PS2;SCEA
;BLUS-30176 FIFA 09;PS3;Software;PS3;SCEA
;PS3 Burnout Paradise;PS3;Software;PS3;SCEA
;PS2 SOCOM III: U.S. Navy Seals;PS2;Software;PS2;SCEA
;PS3 TIGER WOODS PGA TOUR 2010;PS3;Software;PS3;SCEA
;PS3 HARRY POTTER & THE HALF BLOOD PRINCE;PS3;Software;PS3;SCEA
;SCUS-97660  PS2 Singstar Latino;PS2;Software;PS2;SCEA
;UCUS-98634 PSPJak&DaxterThe Lost Frontie;PSP;Software;PSP;SCEA
;2010 MINI;PS3;Peripherals;PS3;SCEA
;PSP FIFA WC p/ Bundle;PSP;Hardware;PSP;SCEA
;ULUS-10504  PSP Fifa World Cup South Afr;PSP;Software;PSP;SCEA
;PS3 FIFA 2011 ELECTRONIC ARTS GAME BUN;PS3;Software;PS3;SCEA
;PS3 PRO EVOLUTION SOCCER 2011 KONAMI BUN;PS3;Software;PS3;SCEA
;PS2 PRO EVOLUTION SOCCER 2011 KONAMI BUN;PS2;Software;PS2;SCEA
;PS3 - BCUS 90696 GT5 BUNDLE VERSION;PS3;Software;PS3;SCEA
;CECHZK1UC;PS3;Peripherals;PS3;SCEA
;CECH-ZCC1M;PS3;Peripherals;PS3;SCEA
;BCUS-98246 SLY 3D;PS3;Software;PS3;SCEA
;CECH-4011B + BCUS-90815 PS3 NFR PRO EVOLUTION SOCCER;PS3;Hardware;PS3;SCEA
;SCPH-90010CB + SCUS-97545 SOCOM 3 COMBINED ASSAULT;PS2;Hardware;PS2;SCEA
;CECH-4011B LW + PS3 GOW BUNDLE CE STEELBOOK;PS3;Hardware;PS3;SCEA
